keyword,avg_monthly_searches,competition,competition_index,low_top_bid_usd,high_top_bid_usd,verticals,score
platform for online courses,301000,LOW,24,9392.76,58841.09,newsletter-course,15585827919.2
customer management software,165000,LOW,6,10246.77,81687.33,productivity-habit,13074057166.5
customer interaction management software,165000,LOW,6,10246.77,81687.33,productivity-habit,13074057166.5
field service management software,22200,LOW,3,57706.43,149614.74,hvac-plumbing-biz,3271625519.6
field service software,22200,LOW,3,57706.43,149614.74,hvac-plumbing-biz,3271625519.6
software field service,22200,LOW,3,57706.43,149614.74,hvac-plumbing-biz,3271625519.6
software field service management,22200,LOW,3,57706.43,149614.74,hvac-plumbing-biz,3271625519.6
field workforce management software,22200,LOW,3,57706.43,149614.74,hvac-plumbing-biz,3271625519.6
software for field service,22200,LOW,3,57706.43,149614.74,hvac-plumbing-biz,3271625519.6
field service industry software,22200,LOW,3,57706.43,149614.74,hvac-plumbing-biz,3271625519.6
personal finance app,165000,LOW,0,3253.59,15109.62,personal-finance,2493087300.0
personal money management app,165000,LOW,0,3253.59,15109.62,personal-finance,2493087300.0
budgeting app,135000,LOW,27,3444.22,15852.22,personal-finance,1851142990.5
inventory tracking programs,18100,MEDIUM,34,25419.13,86928.27,estate-planning,1305923400.2
construction management software,8100,LOW,18,27000.75,161065.03,construction-pm,1187210336.1
building project management software,8100,LOW,18,27000.75,161065.03,construction-pm,1187210336.1
construction project tracking software,8100,LOW,18,27000.75,161065.03,construction-pm,1187210336.1
construction company management software,8100,LOW,18,27000.75,161065.03,construction-pm,1187210336.1
construction pm software,8100,LOW,18,27000.75,161065.03,construction-pm,1187210336.1
project management software for construction projects,8100,LOW,18,27000.75,161065.03,construction-pm,1187210336.1
construction management computer programs,8100,LOW,18,27000.75,161065.03,construction-pm,1187210336.1
project management software for building construction,8100,LOW,18,27000.75,161065.03,construction-pm,1187210336.1
construction and project management software,8100,LOW,18,27000.75,161065.03,construction-pm,1187210336.1
construction mgmt software,8100,LOW,18,27000.75,161065.03,construction-pm,1187210336.1
construction industry management software,8100,LOW,18,27000.75,161065.03,construction-pm,1187210336.1
construction management project management software,8100,LOW,18,27000.75,161065.03,construction-pm,1187210336.1
management construction software,8100,LOW,18,27000.75,161065.03,construction-pm,1187210336.1
contractor management software,3600,LOW,18,47406.58,295199.67,construction-pm,967074118.9
zillow rent manager,74000,LOW,25,2161.71,14143.88,real-estate-pm,915816230.0
business invoicing software,14800,HIGH,68,17024.4,89119.54,smb-invoicing,870519666.7
construction management platforms,5400,LOW,1,38537.7,141031.64,construction-pm,757763001.7
construction project management platform,5400,LOW,1,38537.7,141031.64,construction-pm,757763001.7
resume generator free,90500,HIGH,77,4705.99,12818.26,job-search,713432306.0
construction project management software,3600,LOW,19,29741.37,178609.23,construction-pm,581908871.3
construction project planning software,3600,LOW,19,29741.37,178609.23,construction-pm,581908871.3
project manager software construction,3600,LOW,19,29741.37,178609.23,construction-pm,581908871.3
building construction project management software,3600,LOW,19,29741.37,178609.23,construction-pm,581908871.3
project management software in construction industry,3600,LOW,19,29741.37,178609.23,construction-pm,581908871.3
construction management software project management,3600,LOW,19,29741.37,178609.23,construction-pm,581908871.3
amazon inventory management software,480,LOW,22,19925.98,1357431.33,amazon-fba,579894664.2
rent manager,12100,MEDIUM,48,8920.13,54168.94,real-estate-pm,498137572.2
it service management software,3600,LOW,9,49377.77,132839.85,hvac-plumbing-biz,456703404.3
online appointment scheduling software,8100,LOW,6,16233.47,56465.72,smb-scheduling,443651162.0
online appointment scheduling app,8100,LOW,6,16233.47,56465.72,smb-scheduling,443651162.0
online appointment scheduling program,8100,LOW,6,16233.47,56465.72,smb-scheduling,443651162.0
online appointment calendar software,8100,LOW,6,16233.47,56465.72,smb-scheduling,443651162.0
real estate property management software,1900,LOW,15,31380.35,228650.47,real-estate-pm,401853201.0
real property management software,1900,LOW,15,31380.35,228650.47,real-estate-pm,401853201.0
construction software,6600,MEDIUM,55,15326.07,71801.54,construction-pm,343570368.9
construction company software,6600,MEDIUM,55,15326.07,71801.54,construction-pm,343570368.9
salon and spa software,1900,LOW,25,31270.32,205571.5,salon-spa-biz,341762618.8
salon spa software,1900,LOW,25,31270.32,205571.5,salon-spa-biz,341762618.8
online scheduling tool,9900,LOW,14,7621.26,35584.31,smb-scheduling,327624742.2
online appointment booking software,4400,LOW,10,15513.47,76890.82,smb-scheduling,321403627.6
online booking appointment software,4400,LOW,10,15513.47,76890.82,smb-scheduling,321403627.6
property management software for landlords,1900,MEDIUM,36,32938.54,204784.5,real-estate-pm,319054251.0
best property management software,1300,MEDIUM,57,45989.84,341423.9,real-estate-pm,317353515.1
best property management programs,1300,MEDIUM,57,45989.84,341423.9,real-estate-pm,317353515.1
church management software,14800,LOW,1,5565.69,20897.27,nonprofit-church,307733198.0
management software for churches,14800,LOW,1,5565.69,20897.27,nonprofit-church,307733198.0
cloud based construction management software,2900,LOW,1,26034.73,100429.36,construction-pm,289788918.3
construction management software cloud,2900,LOW,1,26034.73,100429.36,construction-pm,289788918.3
field service management platforms,1300,LOW,2,79695.39,220214.09,hvac-plumbing-biz,283415533.8
co parenting app,33100,LOW,21,1422.19,9282.11,coparenting,274977867.7
app co parenting,33100,LOW,21,1422.19,9282.11,coparenting,274977867.7
procore construction management software,2900,LOW,4,14141.74,91640.96,construction-pm,260443608.3
hvac field service software,720,LOW,15,94463.89,368409.19,hvac-plumbing-biz,245360520.5
hvac field service management software,720,LOW,15,94463.89,368409.19,hvac-plumbing-biz,245360520.5
field service software for hvac,720,LOW,15,94463.89,368409.19,hvac-plumbing-biz,245360520.5
hvac field management software,720,LOW,15,94463.89,368409.19,hvac-plumbing-biz,245360520.5
field service management software for hvac,720,LOW,15,94463.89,368409.19,hvac-plumbing-biz,245360520.5
field service management software hvac,720,LOW,15,94463.89,368409.19,hvac-plumbing-biz,245360520.5
field service hvac software,720,LOW,15,94463.89,368409.19,hvac-plumbing-biz,245360520.5
software for employee time tracking,2900,LOW,23,16725.61,95116.02,freelance-time,244115265.3
ynab budget app,27100,LOW,1,1683.25,8840.32,personal-finance,238374808.6
rental property management software,1300,LOW,31,30033.44,209277.96,real-estate-pm,229891839.1
residential property management software,1300,LOW,31,30033.44,209277.96,real-estate-pm,229891839.1
rental property management programs,1300,LOW,31,30033.44,209277.96,real-estate-pm,229891839.1
property management software rental,1300,LOW,31,30033.44,209277.96,real-estate-pm,229891839.1
appointment scheduling software google calendar,12100,LOW,4,3528.29,18980.23,smb-scheduling,225067567.3
free online scheduling tool,12100,MEDIUM,61,6654.9,26715.95,smb-scheduling,224667781.5
scheduling tool free online,12100,MEDIUM,61,6654.9,26715.95,smb-scheduling,224667781.5
construction bidding software,2900,MEDIUM,42,16227.83,96153.67,smb-invoicing,220288058.0
free budget app,27100,HIGH,69,2452.62,12121.3,personal-finance,215159135.7
expense tracker,6600,LOW,27,8722.82,36899.96,personal-finance,210661871.6
zero based budget app,18100,LOW,2,1773.53,11702.54,personal-finance,209697814.3
real estate crm,4400,LOW,30,13386.45,54115.45,real-estate-agent,202391783.0
customer relationship management real estate,4400,LOW,30,13386.45,54115.45,real-estate-agent,202391783.0
crm in real estate industry,4400,LOW,30,13386.45,54115.45,real-estate-agent,202391783.0
real estate customer management,4400,LOW,30,13386.45,54115.45,real-estate-agent,202391783.0
childcare management software,2400,LOW,10,12448.22,88559.9,daycare-childcare,201916572.0
financial advisor software,6600,LOW,17,8366.34,33111.78,financial-advisor-biz,199962039.4
financial planner software,6600,LOW,17,8366.34,33111.78,financial-advisor-biz,199962039.4
invoicing software for small business,2900,LOW,31,16371.4,81540.27,smb-invoicing,199814431.6
billing software for small business,2900,LOW,31,16371.4,81540.27,smb-invoicing,199814431.6
small business software for billing,2900,LOW,31,16371.4,81540.27,smb-invoicing,199814431.6
small company invoice software,2900,LOW,31,16371.4,81540.27,smb-invoicing,199814431.6
small business billing and invoicing software,2900,LOW,31,16371.4,81540.27,smb-invoicing,199814431.6
best budget app,18100,HIGH,70,2961.55,16651.13,personal-finance,195900544.5
inventory tracking system for small business,2900,MEDIUM,57,16969.5,93118.95,estate-planning,193082142.8
inventory tracking software for small business,2900,MEDIUM,57,16969.5,93118.95,estate-planning,193082142.8
inventory management software small business,2900,MEDIUM,57,16969.5,93118.95,ecommerce-returns,193082142.8
salon software,1300,MEDIUM,39,23469.19,182880.0,salon-spa-biz,191383920.0
beauty salon software,1300,MEDIUM,39,23469.19,182880.0,salon-spa-biz,191383920.0
software beauty salon,1300,MEDIUM,39,23469.19,182880.0,salon-spa-biz,191383920.0
software hair salon,1300,MEDIUM,39,23469.19,182880.0,salon-spa-biz,191383920.0
software for beauty parlour,1300,MEDIUM,39,23469.19,182880.0,salon-spa-biz,191383920.0
meal planning app,18100,LOW,16,2814.78,11207.26,"fitness-tracking, restaurant-ops",186623293.5
menu planning app,18100,LOW,16,2814.78,11207.26,"fitness-tracking, restaurant-ops",186623293.5
food planner app,18100,LOW,16,2814.78,11207.26,fitness-tracking,186623293.5
recipe planner app,18100,LOW,16,2814.78,11207.26,fitness-tracking,186623293.5
eating plan app,18100,LOW,16,2814.78,11207.26,fitness-tracking,186623293.5
food schedule app,18100,LOW,16,2814.78,11207.26,fitness-tracking,186623293.5
auto repair shop software,2900,LOW,26,11673.53,73559.99,automotive-shop,185591854.8
auto repair software,2900,LOW,26,11673.53,73559.99,automotive-shop,185591854.8
automotive repair software,2900,LOW,26,11673.53,73559.99,automotive-shop,185591854.8
automotive repair shop software,2900,LOW,26,11673.53,73559.99,automotive-shop,185591854.8
car repair software,2900,LOW,26,11673.53,73559.99,automotive-shop,185591854.8
vehicle repair software,2900,LOW,26,11673.53,73559.99,automotive-shop,185591854.8
car repair shop software,2900,LOW,26,11673.53,73559.99,automotive-shop,185591854.8
software auto repair,2900,LOW,26,11673.53,73559.99,automotive-shop,185591854.8
automotive repair computer software,2900,LOW,26,11673.53,73559.99,automotive-shop,185591854.8
auto repair service software,2900,LOW,26,11673.53,73559.99,automotive-shop,185591854.8
auto repair computer software,2900,LOW,26,11673.53,73559.99,automotive-shop,185591854.8
auto repair garage software,2900,LOW,26,11673.53,73559.99,automotive-shop,185591854.8
car repair computer software,2900,LOW,26,11673.53,73559.99,automotive-shop,185591854.8
procore construction software,2900,LOW,15,12266.76,67906.4,construction-pm,182158918.0
real estate crm software,2900,LOW,21,14280.53,65177.48,real-estate-agent,169168149.3
crm system for real estate,2900,LOW,21,14280.53,65177.48,real-estate-agent,169168149.3
crm programs for realtors,2900,LOW,21,14280.53,65177.48,real-estate-agent,169168149.3
crm tools for real estate,2900,LOW,21,14280.53,65177.48,real-estate-agent,169168149.3
real estate crm programs,2900,LOW,21,14280.53,65177.48,real-estate-agent,169168149.3
customer relationship management software for real estate,2900,LOW,21,14280.53,65177.48,real-estate-agent,169168149.3
real estate client management software,2900,LOW,21,14280.53,65177.48,real-estate-agent,169168149.3
real estate customer management software,2900,LOW,21,14280.53,65177.48,real-estate-agent,169168149.3
crm software for real estate industry,2900,LOW,21,14280.53,65177.48,real-estate-agent,169168149.3
rental management software,1300,MEDIUM,47,26978.25,166459.45,real-estate-pm,165543923.0
management rental software,1300,MEDIUM,47,26978.25,166459.45,real-estate-pm,165543923.0
retail inventory tracking software,1900,LOW,11,22139.98,90818.18,estate-planning,163064042.2
hvac dispatch software,320,LOW,27,62729.93,559581.49,hvac-plumbing-biz,154892156.4
time tracking software app,5400,LOW,25,4503.87,32159.34,freelance-time,151952881.5
online scheduling software,2400,LOW,3,14645.17,63874.11,smb-scheduling,150998396.0
online scheduling programs,2400,LOW,3,14645.17,63874.11,smb-scheduling,150998396.0
construction scheduling software,1900,MEDIUM,42,21224.4,99495.97,construction-pm,149343451.0
construction scheduling programs,1900,MEDIUM,42,21224.4,99495.97,construction-pm,149343451.0
construction management scheduling software,1900,MEDIUM,42,21224.4,99495.97,construction-pm,149343451.0
construction software scheduling,1900,MEDIUM,42,21224.4,99495.97,construction-pm,149343451.0
scheduling software construction industry,1900,MEDIUM,42,21224.4,99495.97,construction-pm,149343451.0
real estate transaction management software,1900,LOW,5,15183.22,78735.29,real-estate-agent,145857124.7
real estate transaction manager software,1900,LOW,5,15183.22,78735.29,real-estate-agent,145857124.7
free software accounting small business,5400,HIGH,87,8397.63,47231.95,smb-invoicing,144104679.4
applicant tracking system for small business,480,LOW,9,43517.2,303201.49,hr-recruiting-smb,138987563.0
applicant tracking software for small business,480,LOW,9,43517.2,303201.49,hr-recruiting-smb,138987563.0
applicant tracking systems for small companies,480,LOW,9,43517.2,303201.49,hr-recruiting-smb,138987563.0
applicant tracking for small business,480,LOW,9,43517.2,303201.49,hr-recruiting-smb,138987563.0
salon management software,1600,LOW,6,16591.07,86886.24,salon-spa-biz,134847444.5
hair salon management software,1600,LOW,6,16591.07,86886.24,salon-spa-biz,134847444.5
beauty salon management software,1600,LOW,6,16591.07,86886.24,salon-spa-biz,134847444.5
beauty parlour management software,1600,LOW,6,16591.07,86886.24,salon-spa-biz,134847444.5
estimating software for electricians,1300,MEDIUM,46,36742.93,133469.02,smb-invoicing,133602489.0
electrical construction estimating software,1300,MEDIUM,46,36742.93,133469.02,smb-invoicing,133602489.0
wedding planning app,18100,MEDIUM,36,2335.08,8824.47,event-planning,130972783.7
wedding planner application,18100,MEDIUM,36,2335.08,8824.47,event-planning,130972783.7
wedding preparation app,18100,MEDIUM,36,2335.08,8824.47,event-planning,130972783.7
best construction management software,880,LOW,33,36949.7,177850.09,construction-pm,130684246.1
best construction project management software,880,LOW,33,36949.7,177850.09,construction-pm,130684246.1
restaurant inventory management software,880,LOW,21,26820.16,162359.82,restaurant-ops,127874594.2
restaurant stock management software,880,LOW,21,26820.16,162359.82,restaurant-ops,127874594.2
restaurant inventory control software,880,LOW,21,26820.16,162359.82,restaurant-ops,127874594.2
restaurant software inventory,880,LOW,21,26820.16,162359.82,restaurant-ops,127874594.2
construction management app,1300,LOW,20,24662.34,109250.74,construction-pm,127823365.8
construction management application,1300,LOW,20,24662.34,109250.74,construction-pm,127823365.8
hr onboarding software,480,LOW,19,29787.22,289028.84,hr-recruiting-smb,125554128.1
human resources onboarding software,480,LOW,19,29787.22,289028.84,hr-recruiting-smb,125554128.1
onboarding software hr,480,LOW,19,29787.22,289028.84,hr-recruiting-smb,125554128.1
it inventory tracking software,880,LOW,32,34253.85,169739.81,estate-planning,125471667.6
it inventory tracking,880,LOW,32,34253.85,169739.81,estate-planning,125471667.6
online booking software,1600,LOW,0,14629.76,76718.03,smb-scheduling,122748848.0
manufacturing inventory tracking system,880,LOW,13,26298.58,147599.84,estate-planning,121445148.4
manufacturing inventory tracking software,880,LOW,13,26298.58,147599.84,estate-planning,121445148.4
construction erp software,1000,LOW,9,36623.5,125572.37,construction-pm,119921613.3
salon booking software,720,LOW,27,31224.7,191338.58,"salon-spa-biz, smb-scheduling",119165667.6
hair salon booking software,720,LOW,27,31224.7,191338.58,"salon-spa-biz, smb-scheduling",119165667.6
salon booking programs,720,LOW,27,31224.7,191338.58,"salon-spa-biz, smb-scheduling",119165667.6
beauty salon booking software,720,LOW,27,31224.7,191338.58,"salon-spa-biz, smb-scheduling",119165667.6
salon reservation software,720,LOW,27,31224.7,191338.58,"salon-spa-biz, smb-scheduling",119165667.6
property management software for small landlords,590,HIGH,69,30949.76,306925.66,real-estate-pm,118611421.3
wedding planning todo list,60500,HIGH,100,461.06,3868.25,event-planning,117014562.5
best inventory tracking software,1300,LOW,27,22139.98,103553.35,estate-planning,116445742.1
best inventory tracking system,1300,LOW,27,22139.98,103553.35,estate-planning,116445742.1
best free budget app,14800,HIGH,68,1940.09,11817.58,personal-finance,115434121.4
food planner to lose weight,14800,HIGH,100,3446.61,15469.4,fitness-tracking,114473560.0
auto shop management software,1300,MEDIUM,35,21534.52,105125.48,automotive-shop,112747077.3
auto repair shop management software,1300,MEDIUM,35,21534.52,105125.48,automotive-shop,112747077.3
automotive shop management software,1300,MEDIUM,35,21534.52,105125.48,automotive-shop,112747077.3
auto repair management software,1300,MEDIUM,35,21534.52,105125.48,automotive-shop,112747077.3
automotive repair shop management software,1300,MEDIUM,35,21534.52,105125.48,automotive-shop,112747077.3
car repair management software,1300,MEDIUM,35,21534.52,105125.48,automotive-shop,112747077.3
automotive repair management software,1300,MEDIUM,35,21534.52,105125.48,automotive-shop,112747077.3
car shop management software,1300,MEDIUM,35,21534.52,105125.48,automotive-shop,112747077.3
intuit field service management,480,MEDIUM,50,32563.87,309077.36,hvac-plumbing-biz,111267849.6
field service management app,1000,LOW,13,37667.48,113722.6,hvac-plumbing-biz,106330631.0
field service application software,1000,LOW,13,37667.48,113722.6,hvac-plumbing-biz,106330631.0
field service management application,1000,LOW,13,37667.48,113722.6,hvac-plumbing-biz,106330631.0
field management apps,1000,LOW,13,37667.48,113722.6,hvac-plumbing-biz,106330631.0
field management application,1000,LOW,13,37667.48,113722.6,hvac-plumbing-biz,106330631.0
employee onboarding software,720,LOW,13,41198.64,155634.6,hr-recruiting-smb,104773212.7
restaurant inventory management,720,MEDIUM,39,29697.09,179691.26,restaurant-ops,104149054.3
inventory software for restaurants,720,MEDIUM,39,29697.09,179691.26,restaurant-ops,104149054.3
restaurant inventory management system,720,MEDIUM,39,29697.09,179691.26,restaurant-ops,104149054.3
inventory tracking for restaurants,720,MEDIUM,39,29697.09,179691.26,restaurant-ops,104149054.3
restaurant stock management system,720,MEDIUM,39,29697.09,179691.26,restaurant-ops,104149054.3
appointment scheduling software,2400,LOW,6,9844.91,44279.95,smb-scheduling,103083723.6
appointment scheduling system,2400,LOW,6,9844.91,44279.95,smb-scheduling,103083723.6
appointment scheduling programs,2400,LOW,6,9844.91,44279.95,smb-scheduling,103083723.6
appointment calendar software,2400,LOW,6,9844.91,44279.95,smb-scheduling,103083723.6
appointment scheduling applications,2400,LOW,6,9844.91,44279.95,smb-scheduling,103083723.6
online booking platform,1300,LOW,0,16565.04,79133.07,smb-scheduling,102872991.0
estate planning software,1900,LOW,23,6366.32,58860.94,estate-planning,98974670.6
inventory tracking system software,1900,MEDIUM,53,20505.96,69371.92,estate-planning,96877886.3
vagaro booking,3600,LOW,21,5051.62,29994.18,salon-spa-biz,96641248.0
google map trip planner,18100,LOW,5,844.84,5460.75,travel-planning,96368585.6
lease management software,480,LOW,28,47347.64,229171.13,real-estate-pm,94601842.5
lease software management,480,LOW,28,47347.64,229171.13,real-estate-pm,94601842.5
pocketguard budget app,9900,LOW,2,2305.58,9587.57,personal-finance,93967773.6
scheduling software for small business,1300,MEDIUM,51,17049.43,96245.55,smb-scheduling,93213815.2
appointment software for small business,1300,MEDIUM,51,17049.43,96245.55,smb-scheduling,93213815.2
scheduling programs for small business,1300,MEDIUM,51,17049.43,96245.55,smb-scheduling,93213815.2
construction time tracking software,720,LOW,29,24714.99,147599.84,construction-pm,90862461.5
construction time keeping software,720,LOW,29,24714.99,147599.84,construction-pm,90862461.5
field service management,1300,MEDIUM,44,24749.37,88962.4,hvac-plumbing-biz,90207873.6
cleaning business software,880,LOW,28,15608.91,118079.87,cleaning-biz,89362845.6
cleaning service software,880,LOW,28,15608.91,118079.87,cleaning-biz,89362845.6
amazon seller software,2400,LOW,3,5889.38,37498.66,amazon-fba,88646832.2
app that tracks subscriptions,2900,LOW,23,5362.82,34430.71,personal-finance,88366417.2
subscription tracking apps,2900,LOW,23,5362.82,34430.71,personal-finance,88366417.2
healthy food planner,14800,HIGH,100,2641.22,11467.89,fitness-tracking,84862386.0
property management software platforms,590,LOW,7,44279.95,147857.14,real-estate-pm,84182462.7
every dollar app,14800,MEDIUM,42,1799.19,7173.54,personal-finance,83873029.7
everydollar app,14800,MEDIUM,42,1799.19,7173.54,personal-finance,83873029.7
tenant cloud property management software,590,LOW,0,8014.67,140769.2,real-estate-pm,83053828.0
crm for realtors,1600,MEDIUM,47,18202.75,67776.92,real-estate-agent,82958950.1
crm for real estate agents,1600,MEDIUM,47,18202.75,67776.92,real-estate-agent,82958950.1
crm system for realtors,1600,MEDIUM,47,18202.75,67776.92,real-estate-agent,82958950.1
crm for real estate agent,1600,MEDIUM,47,18202.75,67776.92,virtual-assistant-agency,82958950.1
onboarding software,590,MEDIUM,47,38010.49,183699.51,hr-recruiting-smb,82912773.8
best property management software for small landlords,320,HIGH,76,29054.74,413578.33,real-estate-pm,82053940.7
time tracking software for consultants,590,LOW,20,35692.68,153503.83,freelance-time,81510533.7
time tracker for consultants,590,LOW,20,35692.68,153503.83,freelance-time,81510533.7
timesheet software for consultants,590,LOW,20,35692.68,153503.83,freelance-time,81510533.7
timekeeping software for consultants,590,LOW,20,35692.68,153503.83,freelance-time,81510533.7
consultant time management software,590,LOW,20,35692.68,153503.83,freelance-time,81510533.7
construction company crm,880,MEDIUM,51,23463.28,118079.87,construction-pm,77413162.8
crm construction industry,880,MEDIUM,51,23463.28,118079.87,construction-pm,77413162.8
healthcare scheduling software,1000,LOW,19,16961.06,83979.62,smb-scheduling,76001556.1
field service software for small business,480,LOW,29,56825.94,180800.46,hvac-plumbing-biz,74200508.8
field service management software for small business,480,LOW,29,56825.94,180800.46,hvac-plumbing-biz,74200508.8
ecommerce inventory management software,880,LOW,8,13964.71,87814.27,ecommerce-returns,74185495.3
ecommerce inventory software,880,LOW,8,13964.71,87814.27,ecommerce-returns,74185495.3
ecommerce stock management software,880,LOW,8,13964.71,87814.27,ecommerce-returns,74185495.3
inventory management system for ecommerce,880,LOW,8,13964.71,87814.27,ecommerce-returns,74185495.3
inventory management system ecommerce,880,LOW,8,13964.71,87814.27,ecommerce-returns,74185495.3
ecommerce inventory tracking,880,LOW,8,13964.71,87814.27,ecommerce-returns,74185495.3
real estate transaction management system,1300,MEDIUM,36,17007.55,67895.92,real-estate-agent,72377050.7
student housing property management software,320,LOW,19,30606.88,244572.93,real-estate-pm,70828320.5
wealth tracker,4400,LOW,2,4725.92,16244.45,personal-finance,70760824.2
employee time tracking app,1000,MEDIUM,40,15787.35,87682.63,freelance-time,70146104.0
staff time tracking app,1000,MEDIUM,40,15787.35,87682.63,freelance-time,70146104.0
apartment property management software,390,MEDIUM,48,32669.34,235833.6,real-estate-pm,69901079.0
procore software,1600,MEDIUM,60,12156.66,62007.72,construction-pm,69448646.4
service management software,720,MEDIUM,34,45549.31,114505.93,hvac-plumbing-biz,68428743.8
service business management software,720,MEDIUM,34,45549.31,114505.93,hvac-plumbing-biz,68428743.8
best crm for real estate,1300,MEDIUM,57,19895.78,72790.29,real-estate-agent,67658574.6
best crm for realtors,1300,MEDIUM,57,19895.78,72790.29,real-estate-agent,67658574.6
top crm for real estate,1300,MEDIUM,57,19895.78,72790.29,real-estate-agent,67658574.6
good crm for real estate,1300,MEDIUM,57,19895.78,72790.29,real-estate-agent,67658574.6
top rated real estate crm,1300,MEDIUM,57,19895.78,72790.29,real-estate-agent,67658574.6
best invoicing software for small business,1000,MEDIUM,62,17140.37,95880.14,smb-invoicing,66157296.6
best billing software for small business,1000,MEDIUM,62,17140.37,95880.14,smb-invoicing,66157296.6
best small business software for invoicing,1000,MEDIUM,62,17140.37,95880.14,smb-invoicing,66157296.6
best invoice software for small businesses,1000,MEDIUM,62,17140.37,95880.14,smb-invoicing,66157296.6
salon scheduling software,590,LOW,11,19144.98,115727.6,"salon-spa-biz, smb-scheduling",64523923.4
salon appointment software,590,LOW,11,19144.98,115727.6,"salon-spa-biz, smb-scheduling",64523923.4
hair salon scheduling software,590,LOW,11,19144.98,115727.6,"salon-spa-biz, smb-scheduling",64523923.4
hair salon appointment software,590,LOW,11,19144.98,115727.6,"salon-spa-biz, smb-scheduling",64523923.4
salon scheduling programs,590,LOW,11,19144.98,115727.6,"salon-spa-biz, smb-scheduling",64523923.4
salon appt software,590,LOW,11,19144.98,115727.6,"salon-spa-biz, smb-scheduling",64523923.4
beauty salon scheduling software,590,LOW,11,19144.98,115727.6,"salon-spa-biz, smb-scheduling",64523923.4
salon appointment scheduling software,590,LOW,11,19144.98,115727.6,"salon-spa-biz, smb-scheduling",64523923.4
beauty salon appointment software,590,LOW,11,19144.98,115727.6,"salon-spa-biz, smb-scheduling",64523923.4
beauty salon appointment scheduling software,590,LOW,11,19144.98,115727.6,"salon-spa-biz, smb-scheduling",64523923.4
appointment scheduling software for hair salon,590,LOW,11,19144.98,115727.6,"salon-spa-biz, smb-scheduling",64523923.4
pto tracking software,390,LOW,16,40538.7,178678.6,hr-recruiting-smb,64109881.7
time off tracking software,390,LOW,16,40538.7,178678.6,hr-recruiting-smb,64109881.7
paid time off tracking software,390,LOW,16,40538.7,178678.6,hr-recruiting-smb,64109881.7
rental management platform,390,LOW,22,24082.41,184520.51,real-estate-pm,64047069.0
online appointment software,2400,MEDIUM,51,22978.41,35046.68,smb-scheduling,62663463.8
dispatch software field service,320,LOW,11,59039.93,206022.42,"hvac-plumbing-biz, smb-scheduling",62301179.8
field service dispatch software,320,LOW,11,59039.93,206022.42,"hvac-plumbing-biz, smb-scheduling",62301179.8
contractor software,720,MEDIUM,48,27088.92,113651.87,construction-pm,62190303.3
appointment booking software,1000,LOW,27,14284.9,70483.57,smb-scheduling,60968288.0
landscaping business software,480,LOW,29,35466.15,147599.84,landscaping-biz,60574974.3
landscape company software,480,LOW,29,35466.15,147599.84,landscaping-biz,60574974.3
wanderlog trip planner,3600,LOW,0,2318.55,16641.06,travel-planning,59907816.0
construction crm software,480,LOW,28,22457.98,142776.74,construction-pm,58938238.3
childcare management app,590,LOW,3,21087.01,101087.62,daycare-childcare,58747070.4
scheduling software for home care,480,LOW,16,18893.85,130085.1,caregiver-coordination,57445580.2
scheduling software home care,480,LOW,16,18893.85,130085.1,caregiver-coordination,57445580.2
construction project management tools,590,LOW,30,22445.57,114328.03,construction-pm,57335507.0
construction management tools,590,LOW,30,22445.57,114328.03,construction-pm,57335507.0
project management tools for construction industry,590,LOW,30,22445.57,114328.03,construction-pm,57335507.0
create resume online free,6600,HIGH,75,4256.37,13696.81,job-search,56499341.2
make resume online free,6600,HIGH,75,4256.37,13696.81,job-search,56499341.2
estimate software for contractors,1000,MEDIUM,53,17602.68,76492.69,smb-invoicing,56222127.1
contractor software for estimating,1000,MEDIUM,53,17602.68,76492.69,smb-invoicing,56222127.1
building contractor estimating software,1000,MEDIUM,53,17602.68,76492.69,smb-invoicing,56222127.1
construction contractor estimating software,1000,MEDIUM,53,17602.68,76492.69,smb-invoicing,56222127.1
contractor project management software,390,LOW,16,30206.49,156599.2,construction-pm,56187793.0
contractor project software,390,LOW,16,30206.49,156599.2,construction-pm,56187793.0
rental software,590,MEDIUM,59,21800.65,134400.27,real-estate-pm,55903792.3
airbnb property management software,590,LOW,12,18819.84,100129.3,vacation-rental,55531709.8
property management software for airbnb,590,LOW,12,18819.84,100129.3,vacation-rental,55531709.8
co parenting communication app,5400,LOW,15,1755.0,10996.87,coparenting,54929365.7
quotation template,4400,HIGH,95,5014.98,23426.07,smb-invoicing,54114221.7
landlord software,590,HIGH,68,30188.02,138653.55,real-estate-pm,53991692.4
software for landscapers,1600,HIGH,71,4128.25,52095.36,landscaping-biz,53762411.5
best budgeting app reddit,1600,LOW,23,3699.1,37729.91,personal-finance,53425552.6
inventory tracking system free,1900,MEDIUM,59,8600.72,39715.6,estate-planning,53199046.2
free inventory tracking,1900,MEDIUM,59,8600.72,39715.6,estate-planning,53199046.2
free inventory tracking software,1900,MEDIUM,59,8600.72,39715.6,estate-planning,53199046.2
field service scheduling software,390,LOW,14,66772.45,146591.21,hvac-plumbing-biz,53168631.9
best field service management software,390,LOW,33,48780.43,162359.82,hvac-plumbing-biz,52872475.4
best field management software,390,LOW,33,48780.43,162359.82,hvac-plumbing-biz,52872475.4
service company software,480,LOW,21,59039.93,120644.92,hvac-plumbing-biz,51829057.6
expense tracker app,2900,MEDIUM,48,4707.81,23307.36,personal-finance,51369421.4
expense management app,2900,MEDIUM,48,4707.81,23307.36,personal-finance,51369421.4
expense tracker application,2900,MEDIUM,48,4707.81,23307.36,personal-finance,51369421.4
app to monitor expenses,2900,MEDIUM,48,4707.81,23307.36,personal-finance,51369421.4
free accounting software for freelancers,590,LOW,4,30855.48,87098.03,smb-invoicing,50360080.9
spa appointment software,320,LOW,30,38074.71,184998.2,"salon-spa-biz, smb-scheduling",50319510.4
spa appointment scheduling software,320,LOW,30,38074.71,184998.2,"salon-spa-biz, smb-scheduling",50319510.4
scheduling software for spas,320,LOW,30,38074.71,184998.2,smb-scheduling,50319510.4
spa scheduling software,320,LOW,30,38074.71,184998.2,salon-spa-biz,50319510.4
field service crm,320,LOW,19,40833.57,173734.64,hvac-plumbing-biz,50313551.7
medical scheduling software,880,LOW,27,11419.36,65781.69,smb-scheduling,50073022.4
medical scheduling programs,880,LOW,27,11419.36,65781.69,smb-scheduling,50073022.4
medical software for scheduling,880,LOW,27,11419.36,65781.69,smb-scheduling,50073022.4
medical scheduling systems,880,LOW,27,11419.36,65781.69,smb-scheduling,50073022.4
scheduling software for medical,880,LOW,27,11419.36,65781.69,smb-scheduling,50073022.4
collision repair software,590,LOW,4,8014.67,85037.01,automotive-shop,49168399.2
auto collision repair software,590,LOW,4,8014.67,85037.01,automotive-shop,49168399.2
workout exercise app,8100,MEDIUM,54,2550.36,8202.5,fitness-tracking,48501382.5
rental property software,390,MEDIUM,59,28909.64,175110.22,real-estate-pm,48146555.0
rental pro software,390,MEDIUM,59,28909.64,175110.22,real-estate-pm,48146555.0
budget tracker,5400,HIGH,100,4576.3,17711.98,personal-finance,47822346.0
monarch budget app,4400,MEDIUM,36,3166.3,13238.44,personal-finance,47764291.5
inventory tracking,880,MEDIUM,38,17711.98,66935.34,estate-planning,47711510.4
tracker inventory,880,MEDIUM,38,17711.98,66935.34,estate-planning,47711510.4
sage construction management,880,MEDIUM,47,8982.29,70795.52,construction-pm,47659544.1
fsm software,480,MEDIUM,44,49550.1,126862.06,hvac-plumbing-biz,47497155.3
inventory tracking software,720,MEDIUM,45,24829.79,84939.01,estate-planning,47395967.6
tracking software inventory,720,MEDIUM,45,24829.79,84939.01,estate-planning,47395967.6
rent collection software,320,MEDIUM,56,22924.1,205512.13,"landlord-tools, real-estate-pm",47349994.8
business scheduling software,590,MEDIUM,50,17395.95,106620.32,smb-scheduling,47179491.6
business scheduling programs,590,MEDIUM,50,17395.95,106620.32,smb-scheduling,47179491.6
daycare software,590,LOW,20,12356.42,88559.9,daycare-childcare,47025306.9
childcare software,590,LOW,20,12356.42,88559.9,daycare-childcare,47025306.9
daycare computer software,590,LOW,20,12356.42,88559.9,daycare-childcare,47025306.9
property management crm,590,MEDIUM,42,10656.71,99755.05,real-estate-agent,46495828.8
crm property management,590,MEDIUM,42,10656.71,99755.05,real-estate-agent,46495828.8
you need a budget app,6600,MEDIUM,43,1648.5,8871.72,personal-finance,45964381.3
ynab app,6600,MEDIUM,43,1648.5,8871.72,personal-finance,45964381.3
landscape business management software,320,LOW,8,53492.18,149371.03,landscaping-biz,45886780.4
landscape company management software,320,LOW,8,53492.18,149371.03,landscaping-biz,45886780.4
service industry scheduling software,480,LOW,22,54736.89,106942.81,hvac-plumbing-biz,45685968.4
client portal software,720,LOW,32,12580.81,75474.57,freelance-client,45647019.9
rental property accounting software,480,HIGH,69,19187.98,143068.26,real-estate-pm,44980660.9
rental property bookkeeping software,480,HIGH,69,19187.98,143068.26,real-estate-pm,44980660.9
ecommerce order management systems,590,LOW,5,24850.03,77563.79,ecommerce-returns,44618570.2
order management for ecommerce,590,LOW,5,24850.03,77563.79,ecommerce-returns,44618570.2
best inventory tracking software for small business,480,LOW,33,22139.98,111275.52,estate-planning,44599228.4
agent crm,1900,MEDIUM,64,2287.8,34192.99,real-estate-agent,44177343.1
booking system,720,LOW,30,16965.63,71490.93,smb-scheduling,43752449.2
best exercise tracker,18100,HIGH,100,430.62,4818.81,fitness-tracking,43610230.5
follow up boss real estate crm,1000,LOW,1,11816.78,43824.06,real-estate-agent,43604939.7
field service management solutions,390,LOW,4,46826.74,113651.87,hvac-plumbing-biz,43437744.7
field management solutions,390,LOW,4,46826.74,113651.87,hvac-plumbing-biz,43437744.7
salon booking app,590,LOW,28,13863.07,84902.67,smb-scheduling,43079614.8
hair salon booking app,590,LOW,28,13863.07,84902.67,"salon-spa-biz, smb-scheduling",43079614.8
salon booking apps,590,LOW,28,13863.07,84902.67,salon-spa-biz,43079614.8
beauty salon booking apps,590,LOW,28,13863.07,84902.67,salon-spa-biz,43079614.8
booking appointment app,1300,HIGH,68,10194.4,50164.05,smb-scheduling,43040754.9
appointment booking application,1300,HIGH,68,10194.4,50164.05,smb-scheduling,43040754.9
salon booking system,320,MEDIUM,41,29708.24,168025.27,"salon-spa-biz, smb-scheduling",42745628.7
hair salon booking systems,320,MEDIUM,41,29708.24,168025.27,"salon-spa-biz, smb-scheduling",42745628.7
beauty salon booking system,320,MEDIUM,41,29708.24,168025.27,"salon-spa-biz, smb-scheduling",42745628.7
salon reservation system,320,MEDIUM,41,29708.24,168025.27,"salon-spa-biz, smb-scheduling",42745628.7
personal finance management app,2400,LOW,3,3700.54,18011.78,personal-finance,42579847.9
app to manage personal finances,2400,LOW,3,3700.54,18011.78,personal-finance,42579847.9
secure client portal software,390,LOW,21,6314.5,121694.77,freelance-client,42477559.5
subscription tracker app,1300,LOW,13,5162.45,34924.61,personal-finance,42450863.5
gym payment software,880,LOW,18,16110.8,52730.18,martial-arts-biz,42226328.1
fitness center membership software,880,LOW,18,16110.8,52730.18,martial-arts-biz,42226328.1
software gym membership,880,LOW,18,16110.8,52730.18,martial-arts-biz,42226328.1
online appointment booking system,1300,MEDIUM,58,8298.49,44506.8,smb-scheduling,41079776.4
building resume online free,4400,MEDIUM,65,5008.0,13652.7,job-search,40548519.0
mechanic shop software,590,MEDIUM,64,18833.36,100848.66,automotive-shop,40460482.4
auto shop software,590,MEDIUM,64,18833.36,100848.66,automotive-shop,40460482.4
automotive shop software,590,MEDIUM,64,18833.36,100848.66,automotive-shop,40460482.4
autobody shop software,590,MEDIUM,64,18833.36,100848.66,automotive-shop,40460482.4
auto mechanic shop software,590,MEDIUM,64,18833.36,100848.66,automotive-shop,40460482.4
auto garage software,590,MEDIUM,64,18833.36,100848.66,automotive-shop,40460482.4
automotive garage software,590,MEDIUM,64,18833.36,100848.66,automotive-shop,40460482.4
software for car workshop,590,MEDIUM,64,18833.36,100848.66,automotive-shop,40460482.4
auto service shop software,590,MEDIUM,64,18833.36,100848.66,automotive-shop,40460482.4
automotive shop computer software,590,MEDIUM,64,18833.36,100848.66,automotive-shop,40460482.4
patient scheduling software,590,LOW,21,23968.72,76433.36,smb-scheduling,40360635.7
patient appointment software,590,LOW,21,23968.72,76433.36,smb-scheduling,40360635.7
pt scheduling software,590,LOW,21,23968.72,76433.36,smb-scheduling,40360635.7
patient scheduling program,590,LOW,21,23968.72,76433.36,smb-scheduling,40360635.7
inventory tracking tools,590,MEDIUM,35,22139.98,81998.93,estate-planning,39912979.2
myfitnesspal macro calculator,12100,LOW,0,763.57,3291.23,fitness-tracking,39823883.0
macros calculator myfitnesspal,12100,LOW,0,763.57,3291.23,fitness-tracking,39823883.0
insurance agency management systems,590,LOW,32,20133.76,80127.36,insurance-agent-biz,39711119.6
macro tracking app,5400,MEDIUM,34,2211.24,8693.63,fitness-tracking,38964849.7
app track macros,5400,MEDIUM,34,2211.24,8693.63,fitness-tracking,38964849.7
software for lawn care business,480,MEDIUM,36,19693.57,98796.46,landscaping-biz,38886286.7
lawn care company software,480,MEDIUM,36,19693.57,98796.46,landscaping-biz,38886286.7
lawn service business software,480,MEDIUM,36,19693.57,98796.46,landscaping-biz,38886286.7
field management system,390,LOW,25,41680.85,113651.87,hvac-plumbing-biz,38783700.6
field service management system,390,LOW,25,41680.85,113651.87,hvac-plumbing-biz,38783700.6
online booking system,720,MEDIUM,48,13855.61,70702.02,smb-scheduling,38688145.3
website booking system,720,MEDIUM,48,13855.61,70702.02,smb-scheduling,38688145.3
food inventory management,320,LOW,24,22239.71,136555.78,restaurant-ops,38454107.6
food inventory management software,320,LOW,24,22239.71,136555.78,restaurant-ops,38454107.6
food inventory management system,320,LOW,24,22239.71,136555.78,restaurant-ops,38454107.6
food inventory software,320,LOW,24,22239.71,136555.78,restaurant-ops,38454107.6
food inventory tracking software,320,LOW,24,22239.71,136555.78,restaurant-ops,38454107.6
food inventory system software,320,LOW,24,22239.71,136555.78,restaurant-ops,38454107.6
food inventory control software,320,LOW,24,22239.71,136555.78,restaurant-ops,38454107.6
field service app,1000,MEDIUM,61,14426.45,55223.27,hvac-plumbing-biz,38380172.7
appointment app,1300,MEDIUM,40,6730.55,35921.85,smb-scheduling,37358724.0
rent manager property management software,320,MEDIUM,38,19090.47,143704.23,real-estate-pm,37248136.4
spending tracker app,2900,MEDIUM,63,3807.33,18745.52,personal-finance,37237975.5
spending app tracker,2900,MEDIUM,63,3807.33,18745.52,personal-finance,37237975.5
best budget app reddit,880,LOW,23,4176.03,47113.87,personal-finance,36692282.0
reddit best budgeting app,880,LOW,23,4176.03,47113.87,personal-finance,36692282.0
braze customer engagement platform,320,LOW,6,31748.72,118079.87,productivity-habit,36651991.6
best macro tracking app,5400,MEDIUM,65,2175.37,9959.62,fitness-tracking,36302814.9
best app for macro tracking,5400,MEDIUM,65,2175.37,9959.62,fitness-tracking,36302814.9
best app tracking macros,5400,MEDIUM,65,2175.37,9959.62,fitness-tracking,36302814.9
good app to track macros,5400,MEDIUM,65,2175.37,9959.62,fitness-tracking,36302814.9
good app for tracking macros,5400,MEDIUM,65,2175.37,9959.62,fitness-tracking,36302814.9
mobile field service software,480,LOW,4,35102.78,76936.54,hvac-plumbing-biz,36190948.4
mobile field service management software,480,LOW,4,35102.78,76936.54,hvac-plumbing-biz,36190948.4
field service mobile software,480,LOW,4,35102.78,76936.54,hvac-plumbing-biz,36190948.4
mobile field management software,480,LOW,4,35102.78,76936.54,hvac-plumbing-biz,36190948.4
time off tracker,480,MEDIUM,47,21775.16,97774.15,hr-recruiting-smb,35902667.9
paid time off tracker,480,MEDIUM,47,21775.16,97774.15,hr-recruiting-smb,35902667.9
pto time tracker,480,MEDIUM,47,21775.16,97774.15,hr-recruiting-smb,35902667.9
barcode inventory tracking system,590,MEDIUM,40,17755.82,75948.61,estate-planning,35847743.9
barcode inventory tracking,590,MEDIUM,40,17755.82,75948.61,estate-planning,35847743.9
barcode inventory tracking software,590,MEDIUM,40,17755.82,75948.61,estate-planning,35847743.9
time tracking app for small business,480,LOW,19,18034.13,81928.51,freelance-time,35589744.7
personal finance mobile app,1900,LOW,11,3617.78,19058.34,personal-finance,34219249.5
field management software,390,MEDIUM,50,51659.94,116681.19,hvac-plumbing-biz,34129248.1
landscape management software,390,LOW,24,11816.42,98891.89,landscaping-biz,33939696.6
landscape construction management software,390,LOW,24,11816.42,98891.89,construction-pm,33939696.6
invoicing for small business,880,HIGH,93,12742.53,70723.16,smb-invoicing,33296463.7
insurance crm software,480,LOW,5,18464.01,70982.24,insurance-agent-biz,33219688.3
time tracking app free,1900,HIGH,67,4645.42,26162.48,freelance-time,33056293.5
free time logging app,1900,HIGH,67,4645.42,26162.48,freelance-time,33056293.5
lawn care software,480,MEDIUM,55,17999.21,94777.29,landscaping-biz,32982496.9
software for lawn care,480,MEDIUM,55,17999.21,94777.29,landscaping-biz,32982496.9
massage booking software,320,MEDIUM,55,16901.66,141066.89,smb-scheduling,32727518.5
scheduling app for small business,590,HIGH,70,15889.94,85317.82,smb-scheduling,32719384.0
construction inventory tracking,390,LOW,21,24981.38,92472.17,"construction-pm, estate-planning",32277410.9
construction inventory management software,390,LOW,21,24981.38,92472.17,construction-pm,32277410.9
inventory management software for construction industry,390,LOW,21,24981.38,92472.17,construction-pm,32277410.9
inventory software for construction company,390,LOW,21,24981.38,92472.17,construction-pm,32277410.9
construction inventory software,390,LOW,21,24981.38,92472.17,construction-pm,32277410.9
inventory management system for construction company,390,LOW,21,24981.38,92472.17,construction-pm,32277410.9
material management software for construction,390,LOW,21,24981.38,92472.17,construction-pm,32277410.9
construction inventory management system,390,LOW,21,24981.38,92472.17,construction-pm,32277410.9
inventory software for construction,390,LOW,21,24981.38,92472.17,construction-pm,32277410.9
inventory tracking system,590,HIGH,76,21862.72,87513.03,estate-planning,32012266.4
best software for time tracking,390,LOW,27,18448.12,94216.94,freelance-time,31784084.7
rfid inventory tracking system,880,MEDIUM,37,11114.32,44279.95,estate-planning,31757580.1
breeze church management,3600,LOW,13,2784.53,9413.98,nonprofit-church,31687456.7
landlord accounting software,320,MEDIUM,52,17985.54,132839.85,real-estate-pm,31456476.5
landlord bookkeeping software,320,MEDIUM,52,17985.54,132839.85,real-estate-pm,31456476.5
online booking tool,880,LOW,30,9233.25,41862.35,smb-scheduling,31313037.8
money management apps,2400,MEDIUM,60,3979.54,18478.57,personal-finance,31043997.6
best money management app,2400,HIGH,73,3799.72,20206.42,personal-finance,30794584.1
good money management apps,2400,HIGH,73,3799.72,20206.42,personal-finance,30794584.1
church management system,1300,LOW,18,5612.93,25928.55,nonprofit-church,30673474.7
handyman business software,720,MEDIUM,36,12231.45,51269.39,handyman-biz,30269447.9
mileage tracker,4400,MEDIUM,42,1973.72,8672.89,small-biz-accounting,30146965.6
simple inventory tracking,480,MEDIUM,50,18341.44,83025.18,estate-planning,29889064.8
simple inventory tracking system,480,MEDIUM,50,18341.44,83025.18,estate-planning,29889064.8
basic inventory tracking software,480,MEDIUM,50,18341.44,83025.18,estate-planning,29889064.8
simple inventory tracking software,480,MEDIUM,50,18341.44,83025.18,estate-planning,29889064.8
construction punch list software,320,LOW,18,29282.97,102500.84,construction-pm,29848244.6
top 10 construction management software,320,MEDIUM,66,21017.91,139120.74,construction-pm,29827486.7
best women fitness app,3600,MEDIUM,64,2915.36,12094.38,fitness-tracking,29607042.2
family tree genealogy software,6600,MEDIUM,40,680.06,5584.45,genealogy,29485896.0
personal budget app,1900,LOW,25,3470.58,17711.98,personal-finance,29446166.8
family budget app,1900,LOW,25,3470.58,17711.98,personal-finance,29446166.8
household budget app,1900,LOW,25,3470.58,17711.98,personal-finance,29446166.8
app for family budget,1900,LOW,25,3470.58,17711.98,personal-finance,29446166.8
online inventory tracking,480,LOW,25,18605.76,70003.46,estate-planning,29401453.2
best cv builder free,3600,HIGH,73,4401.7,12787.6,job-search,29232453.6
best scheduling app,1600,MEDIUM,58,3976.3,25618.27,smb-scheduling,29102354.7
loaner management software,390,MEDIUM,37,35173.04,91556.18,real-estate-pm,29101131.8
booking software for events,390,LOW,11,18991.96,78820.69,smb-scheduling,29049365.3
booking software events,390,LOW,11,18991.96,78820.69,smb-scheduling,29049365.3
online scheduling platforms,390,LOW,7,12258.98,76841.59,smb-scheduling,28919332.4
erp system in construction,390,MEDIUM,36,29519.97,90274.55,construction-pm,28869801.1
erp system for construction industry,390,MEDIUM,36,29519.97,90274.55,construction-pm,28869801.1
construction enterprise resource planning,390,MEDIUM,36,29519.97,90274.55,construction-pm,28869801.1
insurance agency software,480,LOW,14,18899.34,64455.93,insurance-agent-biz,28773127.2
best scheduling app for small business,590,MEDIUM,64,16799.61,71467.24,smb-scheduling,28672656.7
real time inventory tracking software,390,LOW,5,7147.32,75290.68,estate-planning,28629281.1
auto repair invoice software,480,MEDIUM,45,14608.79,76741.55,automotive-shop,28547856.6
auto shop invoice software,480,MEDIUM,45,14608.79,76741.55,automotive-shop,28547856.6
auto repair bill software,480,MEDIUM,45,14608.79,76741.55,automotive-shop,28547856.6
automotive shop invoicing software,480,MEDIUM,45,14608.79,76741.55,automotive-shop,28547856.6
auto repair billing software,480,MEDIUM,45,14608.79,76741.55,automotive-shop,28547856.6
automotive repair invoicing software,480,MEDIUM,45,14608.79,76741.55,automotive-shop,28547856.6
automotive repair shop invoice software,480,MEDIUM,45,14608.79,76741.55,automotive-shop,28547856.6
automotive repair billing software,480,MEDIUM,45,14608.79,76741.55,automotive-shop,28547856.6
autorepair bill software,480,MEDIUM,45,14608.79,76741.55,automotive-shop,28547856.6
car repair invoice software,480,MEDIUM,45,14608.79,76741.55,automotive-shop,28547856.6
customer portal software,480,LOW,7,15447.04,61488.31,freelance-client,28481385.2
appointment scheduling app,880,MEDIUM,63,9220.77,46631.21,smb-scheduling,28109293.4
app for appointments scheduling,880,MEDIUM,63,9220.77,46631.21,smb-scheduling,28109293.4
app appointment schedule,880,MEDIUM,63,9220.77,46631.21,smb-scheduling,28109293.4
schedule an appointment app,880,MEDIUM,63,9220.77,46631.21,smb-scheduling,28109293.4
free invoicing software for small business,880,HIGH,81,11563.77,53291.32,smb-invoicing,27903335.2
free billing software for small business,880,HIGH,81,11563.77,53291.32,smb-invoicing,27903335.2
freeware billing software for small business,880,HIGH,81,11563.77,53291.32,smb-invoicing,27903335.2
freeware invoicing software small business,880,HIGH,81,11563.77,53291.32,smb-invoicing,27903335.2
habit tracker app,6600,LOW,20,855.16,4628.71,productivity-habit,27494537.4
app for tracking habits,6600,LOW,20,855.16,4628.71,productivity-habit,27494537.4
apps for habit tracking,6600,LOW,20,855.16,4628.71,productivity-habit,27494537.4
free budget tool,1900,MEDIUM,55,3807.88,19901.83,personal-finance,27414770.8
best app to manage expenses,1600,MEDIUM,57,4175.32,23927.71,personal-finance,27373300.2
good app to track expenses,1600,MEDIUM,57,4175.32,23927.71,personal-finance,27373300.2
free resume builder free download,4400,HIGH,77,3160.36,10112.65,job-search,27364830.9
resume builder and download free,4400,HIGH,77,3160.36,10112.65,job-search,27364830.9
mileage tracker app,5400,MEDIUM,57,1864.36,6973.6,small-biz-accounting,26925069.6
coparent app,2900,LOW,20,1597.46,10208.83,coparenting,26645046.3
coparently app,2900,LOW,20,1597.46,10208.83,coparenting,26645046.3
insurance crm,480,LOW,31,15833.67,65343.29,insurance-agent-biz,26503238.4
insurance crm solutions,480,LOW,31,15833.67,65343.29,insurance-agent-biz,26503238.4
insured crm,480,LOW,31,15833.67,65343.29,insurance-agent-biz,26503238.4
family tree builder free,4400,LOW,23,624.17,6641.99,genealogy,25863909.1
everlance mileage tracker app,590,LOW,2,6895.75,44080.42,small-biz-accounting,25747373.3
cleaning business scheduling software,320,LOW,29,15297.29,93929.54,cleaning-biz,25699122.1
cleaning service scheduling software,320,LOW,29,15297.29,93929.54,cleaning-biz,25699122.1
free crm for real estate,390,MEDIUM,61,12080.71,93737.1,real-estate-agent,25407441.0
free crm for realtors,390,MEDIUM,61,12080.71,93737.1,real-estate-agent,25407441.0
free real estate crm system,390,MEDIUM,61,12080.71,93737.1,real-estate-agent,25407441.0
budgeting app reddit,720,LOW,20,3918.64,39103.91,personal-finance,25339333.7
reddit budget app,720,LOW,20,3918.64,39103.91,personal-finance,25339333.7
every dollar budgeting app,3600,LOW,10,2099.58,7322.66,personal-finance,25043497.2
every dollar budget app,3600,LOW,10,2099.58,7322.66,personal-finance,25043497.2
buildertrend software,480,HIGH,68,12398.39,78439.45,construction-pm,24849617.8
follow up boss crm,590,MEDIUM,60,8184.86,59951.4,real-estate-agent,24759928.2
invoice system for small business,390,MEDIUM,66,19077.7,94465.98,smb-invoicing,24683960.6
billing system for small business,390,MEDIUM,66,19077.7,94465.98,smb-invoicing,24683960.6
weekly food planner,5400,HIGH,100,1318.94,9037.57,fitness-tracking,24401439.0
travel planning app,5400,LOW,29,1151.28,5267.79,travel-planning,24321386.4
rent manager tenant web access,1600,LOW,13,4678.91,16132.66,real-estate-pm,24134459.4
tenant web access rent manager,1600,LOW,13,4678.91,16132.66,real-estate-pm,24134459.4
best budget tool,1300,HIGH,72,4399.73,28778.72,personal-finance,23943895.0
real estate crm platforms,320,LOW,8,16060.75,77687.17,real-estate-agent,23865498.6
dave ramsey budget app,3600,MEDIUM,41,2342.34,8311.33,personal-finance,23787026.5
dave ramsey app for budgeting,3600,MEDIUM,41,2342.34,8311.33,personal-finance,23787026.5
nerdwallet budget app,1900,LOW,22,2273.04,14055.06,personal-finance,23767106.5
talkingparents app,1000,LOW,9,792.49,24813.46,coparenting,23696854.3
free appointment booking app,1000,HIGH,74,8817.38,37483.01,smb-scheduling,23614296.3
booking appointment app free,1000,HIGH,74,8817.38,37483.01,smb-scheduling,23614296.3
free app for booking appointments,1000,HIGH,74,8817.38,37483.01,smb-scheduling,23614296.3
free online booking application,2900,MEDIUM,47,1694.57,10575.0,smb-scheduling,23460637.5
google calendar scheduling tool,1300,LOW,26,4305.06,20466.36,smb-scheduling,23147453.2
meeting scheduling tool,1300,MEDIUM,65,3462.01,26329.31,smb-scheduling,23103969.5
macro tracker,5400,MEDIUM,43,1476.0,5446.43,fitness-tracking,23087416.8
procore construction app,390,LOW,1,13706.91,58808.3,construction-pm,22820560.8
setmore booking,590,MEDIUM,51,10418.01,51346.1,smb-scheduling,22569178.3
collision repair estimating software,390,LOW,8,7955.03,59779.95,automotive-shop,22381613.3
estimating software for auto body repair,390,LOW,8,7955.03,59779.95,automotive-shop,22381613.3
body shop repair estimate software,390,LOW,8,7955.03,59779.95,automotive-shop,22381613.3
auto collision repair estimating software,390,LOW,8,7955.03,59779.95,automotive-shop,22381613.3
calendar scheduling software,590,MEDIUM,41,11438.99,47675.49,smb-scheduling,22362188.6
calendar and scheduling software,590,MEDIUM,41,11438.99,47675.49,smb-scheduling,22362188.6
budget app for couples,1900,MEDIUM,36,2494.44,14287.66,personal-finance,22260174.3
budget app couples,1900,MEDIUM,36,2494.44,14287.66,personal-finance,22260174.3
quicken rental property manager,480,MEDIUM,52,8110.14,62655.31,real-estate-pm,22255166.1
quicken rental property software,480,MEDIUM,52,8110.14,62655.31,real-estate-pm,22255166.1
quicken rental manager,480,MEDIUM,52,8110.14,62655.31,real-estate-pm,22255166.1
intuit quicken rental property manager,480,MEDIUM,52,8110.14,62655.31,real-estate-pm,22255166.1
quicken rental property management software,480,MEDIUM,52,8110.14,62655.31,real-estate-pm,22255166.1
best estimating software for contractors,390,MEDIUM,51,14878.06,76376.4,smb-invoicing,22191163.0
money tracker,1900,MEDIUM,65,3209.53,17171.88,personal-finance,22022936.1
quicken willmaker software,1300,MEDIUM,57,3759.74,23615.97,estate-planning,21951044.1
workout tracker app,5400,LOW,15,752.76,4354.2,fitness-tracking,21749229.0
exercise tracker app,5400,LOW,15,752.76,4354.2,fitness-tracking,21749229.0
work out tracker app,5400,LOW,15,752.76,4354.2,fitness-tracking,21749229.0
gym exercise tracker app,5400,LOW,15,752.76,4354.2,fitness-tracking,21749229.0
exercise tracker watch,9900,HIGH,100,536.3,4383.72,fitness-tracking,21699414.0
workout tracker watch,9900,HIGH,100,536.3,4383.72,fitness-tracking,21699414.0
food planner,1900,HIGH,100,5075.77,22797.59,fitness-tracking,21657710.5
vegan food planner,3600,HIGH,98,2906.6,11770.15,fitness-tracking,21609995.4
free quotation template,1300,HIGH,68,4956.48,24963.25,smb-invoicing,21418468.5
spending tracker,2400,HIGH,99,3817.11,17419.8,personal-finance,21112797.6
best time tracking app,720,MEDIUM,51,4365.45,39295.06,freelance-time,21077870.2
best time logging app,720,MEDIUM,51,4365.45,39295.06,freelance-time,21077870.2
good time tracking apps,720,MEDIUM,51,4365.45,39295.06,freelance-time,21077870.2
mileage tracking app for doordash,1900,LOW,5,2186.66,11355.09,small-biz-accounting,21035304.2
tenant screening software,320,LOW,17,26439.71,71808.54,real-estate-pm,21025540.5
mileiq mileage tracker,2400,LOW,0,3223.59,8660.35,small-biz-accounting,20784840.0
mileiq tracker,2400,LOW,0,3223.59,8660.35,small-biz-accounting,20784840.0
mileage iq tracker,2400,LOW,0,3223.59,8660.35,small-biz-accounting,20784840.0
sage software customer portal,720,LOW,7,8058.95,29773.32,freelance-client,20686502.7
stride mileage tracker,1900,LOW,17,2081.16,11807.99,small-biz-accounting,20528190.6
financial planning app,1000,LOW,23,4858.79,22663.72,personal-finance,20057392.2
financial planner app,1000,LOW,23,4858.79,22663.72,financial-advisor-biz,20057392.2
inventory tracking system excel,880,MEDIUM,39,5436.41,28073.49,estate-planning,19887260.3
free online appointment scheduling,880,MEDIUM,50,6878.15,29568.9,smb-scheduling,19515474.0
free online appointment scheduling software,880,MEDIUM,50,6878.15,29568.9,smb-scheduling,19515474.0
best crm for real estate agents,390,MEDIUM,61,21298.83,70419.88,real-estate-agent,19087308.5
best crm for real estate brokers,390,MEDIUM,61,21298.83,70419.88,real-estate-agent,19087308.5
best real estate agent crm,390,MEDIUM,61,21298.83,70419.88,virtual-assistant-agency,19087308.5
free property management software,480,MEDIUM,46,14359.4,51480.64,real-estate-pm,19027244.5
freeware property management software,480,MEDIUM,46,14359.4,51480.64,real-estate-pm,19027244.5
aspire landscape software,590,MEDIUM,50,12678.83,42980.22,landscaping-biz,19018747.4
finance mobile app,720,LOW,3,4739.78,26567.97,personal-finance,18842004.3
construction planning software,320,LOW,31,10508.18,68137.3,construction-pm,18424325.9
planning software in construction,320,LOW,31,10508.18,68137.3,construction-pm,18424325.9
contractor foreman software,320,MEDIUM,65,11069.99,85149.52,construction-pm,18392296.3
realtor crm software,320,LOW,29,12653.61,66873.28,real-estate-agent,18296529.4
crm software for real estate agents,320,LOW,29,12653.61,66873.28,"real-estate-agent, virtual-assistant-agency",18296529.4
crm software for real estate brokers,320,LOW,29,12653.61,66873.28,real-estate-agent,18296529.4
free meal planning app,2400,MEDIUM,61,1875.6,10914.27,fitness-tracking,18205002.4
apps for meal planning free,2400,MEDIUM,61,1875.6,10914.27,fitness-tracking,18205002.4
free menu planning app,2400,MEDIUM,61,1875.6,10914.27,fitness-tracking,18205002.4
financial planning software for advisors,320,MEDIUM,38,17635.41,69735.47,financial-advisor-biz,18075433.8
financial planning software for financial advisors,320,MEDIUM,38,17635.41,69735.47,financial-advisor-biz,18075433.8
budget calculator free,2400,MEDIUM,45,2384.19,9390.0,personal-finance,17465400.0
content calendar software,390,LOW,32,13743.85,53217.33,content-creator,17433997.3
repair shop software,320,MEDIUM,38,7329.79,67017.25,automotive-shop,17370871.2
meal planning software,1300,HIGH,83,4955.75,22798.87,restaurant-ops,17338540.6
meal planner program,1300,HIGH,83,4955.75,22798.87,restaurant-ops,17338540.6
goal tracker,2400,HIGH,89,3043.11,12885.19,productivity-habit,17163073.1
storage unit management software,480,MEDIUM,37,9798.65,43598.9,real-estate-pm,17055889.7
business mileage tracker,590,HIGH,67,8384.09,43408.28,small-biz-accounting,17031238.7
inventory tracking sheet,880,HIGH,100,7871.69,38421.83,estate-planning,16905605.2
meeting scheduling software,480,LOW,30,7515.73,40737.55,smb-scheduling,16620920.4
meeting scheduling programs,480,LOW,30,7515.73,40737.55,smb-scheduling,16620920.4
free budget planner,1600,MEDIUM,65,3393.02,15349.9,personal-finance,16577892.0
vacation rental software,390,MEDIUM,33,11807.99,50876.31,real-estate-pm,16567870.4
monarch finance app,1600,LOW,32,2619.22,12241.65,personal-finance,16452777.6
scheduling app for business,320,HIGH,71,18155.42,79519.22,smb-scheduling,16412767.0
wise agent crm,390,HIGH,69,12560.26,64001.55,real-estate-agent,16349195.9
finance tracking apps,880,MEDIUM,36,3957.22,22139.98,personal-finance,15976209.6
fitness and nutrition app,1000,LOW,3,3397.55,16182.25,fitness-tracking,15939516.2
fitness nutrition app,1000,LOW,3,3397.55,16182.25,fitness-tracking,15939516.2
contractor estimating software free,590,MEDIUM,60,8786.93,38487.5,smb-invoicing,15895337.5
free construction cost estimating software,590,MEDIUM,60,8786.93,38487.5,smb-invoicing,15895337.5
builders estimating software free,590,MEDIUM,60,8786.93,38487.5,smb-invoicing,15895337.5
appointment reminder software,320,LOW,11,9426.17,52327.33,smb-scheduling,15823784.6
weight watchers food planner,2900,HIGH,79,1684.57,8972.4,fitness-tracking,15742075.8
calendar scheduler app,880,MEDIUM,59,4090.98,25260.93,smb-scheduling,15671881.0
time tracker for freelancers,480,MEDIUM,48,10218.9,42922.03,freelance-time,15657956.5
freelance hour tracker,480,MEDIUM,48,10218.9,42922.03,freelance-time,15657956.5
patient appointment scheduling software,320,LOW,27,11701.74,56545.5,smb-scheduling,15651794.4
contractor estimating app,320,MEDIUM,59,21044.84,69371.92,smb-invoicing,15650305.2
best personal finance app,1300,HIGH,71,3055.32,18579.63,personal-finance,15579019.8
best personal money management app,1300,HIGH,71,3055.32,18579.63,personal-finance,15579019.8
scheduling tool free,590,LOW,19,6461.3,29126.99,smb-scheduling,15552356.3
real estate transaction management platform,390,LOW,4,14320.71,40394.96,real-estate-agent,15438953.7
setmore app,390,MEDIUM,54,10336.35,54227.78,smb-scheduling,15438649.0
write resume online free,1300,MEDIUM,58,5688.17,16636.54,job-search,15355526.4
crm for real estate investors,320,LOW,28,18576.29,55500.06,real-estate-agent,15273616.5
online scheduling system,320,MEDIUM,56,13778.95,66249.47,smb-scheduling,15263877.9
landlord app,320,HIGH,68,18014.54,72175.24,real-estate-pm,15243410.7
qr code inventory tracking,390,MEDIUM,57,8905.3,54645.91,estate-planning,15238012.0
simple budget app,1600,MEDIUM,59,2462.04,13387.31,personal-finance,15100885.7
easiest budget app,1600,MEDIUM,59,2462.04,13387.31,personal-finance,15100885.7
free appointment scheduling,880,HIGH,73,8354.15,27010.77,smb-scheduling,15093618.3
best meal planning app,1600,MEDIUM,51,2877.23,12445.93,"fitness-tracking, restaurant-ops",14835548.6
best menu planning app,1600,MEDIUM,51,2877.23,12445.93,"fitness-tracking, restaurant-ops",14835548.6
best food planning apps,1600,MEDIUM,51,2877.23,12445.93,fitness-tracking,14835548.6
top meal planning apps,1600,MEDIUM,51,2877.23,12445.93,fitness-tracking,14835548.6
good meal planning apps,1600,MEDIUM,51,2877.23,12445.93,fitness-tracking,14835548.6
great meal planning apps,1600,MEDIUM,51,2877.23,12445.93,fitness-tracking,14835548.6
meal planning app best,1600,MEDIUM,51,2877.23,12445.93,"fitness-tracking, restaurant-ops",14835548.6
copilot budget app,1600,MEDIUM,34,1605.26,11162.69,personal-finance,14824052.3
bill management app,720,LOW,23,5270.46,22819.55,personal-finance,14540617.3
best trip planning app,2400,MEDIUM,38,1437.69,7415.9,travel-planning,14416509.6
best travel planning apps,2400,MEDIUM,38,1437.69,7415.9,travel-planning,14416509.6
best app for planning trips,2400,MEDIUM,38,1437.69,7415.9,travel-planning,14416509.6
best expense tracking app,720,MEDIUM,66,4732.49,29839.19,personal-finance,14394425.3
best app to monitor expenses,720,MEDIUM,66,4732.49,29839.19,personal-finance,14394425.3
meeting scheduling app,720,MEDIUM,53,3312.99,27146.29,smb-scheduling,14365816.7
free booking system,480,MEDIUM,60,10571.52,42347.59,smb-scheduling,14228790.2
free online booking system,480,MEDIUM,60,10571.52,42347.59,smb-scheduling,14228790.2
online reservation system free,480,MEDIUM,60,10571.52,42347.59,smb-scheduling,14228790.2
free website booking system,480,MEDIUM,60,10571.52,42347.59,smb-scheduling,14228790.2
resume builder app,1600,MEDIUM,59,4318.66,12601.67,job-search,14214683.8
resume app builder,1600,MEDIUM,59,4318.66,12601.67,job-search,14214683.8
resume generator online,1600,HIGH,68,4399.79,13380.98,job-search,14130314.9
resume online creator,1600,HIGH,68,4399.79,13380.98,job-search,14130314.9
family tree builder software,2400,LOW,23,824.41,6641.99,genealogy,14107586.8
family tree builder,2400,LOW,23,824.41,6641.99,genealogy,14107586.8
freelance time tracking app,480,LOW,14,4428.0,31329.32,freelance-time,13985408.4
best free budget app reddit,720,LOW,16,2001.97,21028.43,personal-finance,13929232.0
actual budget app,880,LOW,12,2175.51,16754.8,personal-finance,13859570.6
budget planner app,1300,MEDIUM,34,2952.0,12710.8,personal-finance,13714953.2
calendar scheduling tool,720,MEDIUM,48,6588.69,25029.49,smb-scheduling,13696136.9
best finance tracking app,1000,HIGH,71,3735.64,21092.75,personal-finance,13604823.8
our family wizard co parenting app,6600,LOW,0,173.69,2052.71,coparenting,13547886.0
online scheduling app,390,MEDIUM,54,9403.91,47214.95,smb-scheduling,13442096.3
barber salon software,390,MEDIUM,47,8855.99,45038.77,salon-spa-biz,13437317.0
best money tracking app,1000,HIGH,74,3784.77,20939.76,personal-finance,13192048.8
good money tracking apps,1000,HIGH,74,3784.77,20939.76,personal-finance,13192048.8
app for expenses,590,HIGH,70,8877.78,34344.4,personal-finance,13171077.4
free macro tracking app,3600,HIGH,72,1668.03,5675.46,fitness-tracking,13076259.8
resume online free,1900,HIGH,78,3880.81,11182.72,job-search,12960772.5
business quotation template,720,HIGH,94,7128.48,33957.8,smb-invoicing,12958296.5
company quotation template,720,HIGH,94,7128.48,33957.8,smb-invoicing,12958296.5
best spending tracker app,880,HIGH,67,3739.22,21918.58,personal-finance,12826753.0
best app to keep track of spending,880,HIGH,67,3739.22,21918.58,personal-finance,12826753.0
good spending tracker app,880,HIGH,67,3739.22,21918.58,personal-finance,12826753.0
free food planner,1600,MEDIUM,66,2279.98,11960.81,fitness-tracking,12821988.3
brivity crm,390,MEDIUM,52,15060.05,43651.19,real-estate-agent,12597733.4
free accounting software wave,480,MEDIUM,58,2938.6,36663.97,smb-invoicing,12495081.0
free expense tracker,720,MEDIUM,62,5288.26,24846.98,personal-finance,12343979.7
appclose co parenting app,2900,LOW,2,147.6,4277.42,coparenting,12280472.8
paprika meal planning app,1000,LOW,1,1855.89,12234.8,fitness-tracking,12173626.0
workout monitor app,2900,LOW,23,1441.96,4723.39,fitness-tracking,12122580.4
best budget tracking app,1000,HIGH,70,3269.74,18642.91,personal-finance,12117891.5
ai budgeting app,880,MEDIUM,61,4455.21,19788.15,personal-finance,12102432.5
inventory tracking app,390,HIGH,67,8052.05,45925.28,estate-planning,11910721.4
best mileage tracking app,1300,MEDIUM,56,1989.41,12723.11,small-biz-accounting,11908831.0
best financial planner software,480,MEDIUM,56,5903.99,34182.72,financial-advisor-biz,11813548.0
booking calendar app,390,MEDIUM,54,7351.98,41416.0,smb-scheduling,11791135.2
good budget planner,1000,LOW,14,3656.73,12545.99,personal-finance,11667770.7
goodbudget budget planner,1000,LOW,14,3656.73,12545.99,personal-finance,11667770.7
crm constructions,480,MEDIUM,52,9455.35,32661.17,construction-pm,11601247.6
best workout tracker app,2400,LOW,27,1200.01,5508.34,fitness-tracking,11435313.8
best gym tracker app,2400,LOW,27,1200.01,5508.34,fitness-tracking,11435313.8
good app for tracking workouts,2400,LOW,27,1200.01,5508.34,fitness-tracking,11435313.8
personal finance app for mac,1000,LOW,28,3626.95,13289.12,personal-finance,11428643.2
everlance mileage tracker,880,MEDIUM,34,3778.56,15562.49,small-biz-accounting,11366842.7
free scheduling app for small business,390,HIGH,80,10152.48,47797.12,smb-scheduling,11184526.1
personal finance tracking,720,HIGH,84,5439.96,26776.79,personal-finance,11181987.5
net worth tracker,1300,MEDIUM,47,2953.11,11185.64,personal-finance,11124119.0
online resume maker free pdf,1900,HIGH,74,2553.48,9246.49,job-search,11068048.5
app to track subscriptions,480,HIGH,70,5158.53,34976.9,personal-finance,10912792.8
resume builder free reddit,1600,MEDIUM,48,3361.73,8970.12,job-search,10907665.9
expense tracker excel,880,HIGH,100,4513.62,24568.5,personal-finance,10810140.0
expense manager excel,880,HIGH,100,4513.62,24568.5,personal-finance,10810140.0
rental management solution,480,LOW,6,3951.23,23101.07,real-estate-pm,10755858.2
app for landscapers,1900,MEDIUM,62,1247.54,8177.89,landscaping-biz,10721213.8
avail landlord software,590,MEDIUM,37,6921.99,22269.97,real-estate-pm,10708515.1
best co parenting app,1000,MEDIUM,54,2051.64,14631.89,coparenting,10681279.7
dave ramsey app,1600,LOW,33,2391.12,7968.42,personal-finance,10645809.1
macro point tracking app,390,MEDIUM,40,8388.62,34061.66,fitness-tracking,10627237.9
best personal budget app,880,HIGH,74,3857.0,18546.87,personal-finance,10282384.7
best household budget app,880,HIGH,74,3857.0,18546.87,personal-finance,10282384.7
best personal finance budget app,880,HIGH,74,3857.0,18546.87,personal-finance,10282384.7
trip planning app,2400,MEDIUM,37,1151.36,5239.79,travel-planning,10249029.2
copilot finance app,880,MEDIUM,45,1534.59,15011.15,personal-finance,10237604.3
cv builder free,1600,HIGH,75,3151.94,10217.04,job-search,10217040.0
keep track of spending app,720,MEDIUM,66,3917.98,21068.98,personal-finance,10163676.0
track your spending app,720,MEDIUM,66,3917.98,21068.98,personal-finance,10163676.0
app to monitor spending,720,MEDIUM,66,3917.98,21068.98,personal-finance,10163676.0
goal tracking app,2400,LOW,22,1185.56,4752.71,productivity-habit,10151788.6
money tracking app,880,HIGH,70,3519.4,17711.98,personal-finance,10131252.6
money track app,880,HIGH,70,3519.4,17711.98,personal-finance,10131252.6
quotation template excel,590,MEDIUM,53,4860.22,23279.16,smb-invoicing,10095007.7
monthly food planner,1600,HIGH,99,2891.62,12454.07,fitness-tracking,10062888.6
envelope budgeting app,880,LOW,22,2233.69,12803.87,personal-finance,10027991.0
meal prep app,1300,MEDIUM,66,2819.16,11370.7,fitness-tracking,9903879.7
free money management apps,880,MEDIUM,64,3257.92,16228.49,personal-finance,9711128.4
online meeting scheduling tool,480,MEDIUM,43,3302.91,25769.8,smb-scheduling,9710060.6
free subscription tracker,720,HIGH,74,3981.67,21274.2,personal-finance,9649977.1
free budget tracker,720,MEDIUM,65,4506.76,19807.2,personal-finance,9626299.2
appclose parenting app,2400,LOW,16,147.6,4280.4,coparenting,9451123.2
crm rental mgmt,720,LOW,25,94.35,14927.81,real-estate-pm,9404520.3
income and expense tracker,880,HIGH,100,4450.88,21320.28,personal-finance,9380923.2
income expense tracker,880,HIGH,100,4450.88,21320.28,personal-finance,9380923.2
online family tree maker,1600,LOW,24,871.55,6641.99,genealogy,9351921.9
family tree builder online,1600,LOW,24,871.55,6641.99,genealogy,9351921.9
budget tracker app,880,MEDIUM,43,2941.54,13500.02,personal-finance,9325813.8
applied epic agency management system,320,LOW,29,4664.86,33843.23,insurance-agent-biz,9259507.7
best fitness app for weight loss,720,MEDIUM,59,3479.09,18202.74,fitness-tracking,9239710.8
road trip planning app,2400,MEDIUM,34,1003.68,4619.87,travel-planning,9202781.0
free mileage tracker app,2400,MEDIUM,55,1433.18,5272.35,small-biz-accounting,9173889.0
mileage tracker free app,2400,MEDIUM,55,1433.18,5272.35,small-biz-accounting,9173889.0
free app mileage tracker,2400,MEDIUM,55,1433.18,5272.35,small-biz-accounting,9173889.0
best habit tracker app,1900,LOW,26,855.35,5488.07,productivity-habit,9071779.7
best app for habit tracking,1900,LOW,26,855.35,5488.07,productivity-habit,9071779.7
free appointment scheduling app,390,HIGH,77,8342.5,37387.04,smb-scheduling,8967281.5
best free macro tracking app,2400,MEDIUM,60,1416.33,5283.02,fitness-tracking,8875473.6
best free macro tracker app,2400,MEDIUM,60,1416.33,5283.02,fitness-tracking,8875473.6
church software,590,MEDIUM,49,4457.52,19881.33,nonprofit-church,8856138.4
free appointment scheduling software,320,MEDIUM,34,8769.94,33231.79,smb-scheduling,8826363.4
free appointment booking software,320,MEDIUM,34,8769.94,33231.79,smb-scheduling,8826363.4
free scheduling software for appointments,320,MEDIUM,34,8769.94,33231.79,smb-scheduling,8826363.4
free scheduling appointment software,320,MEDIUM,34,8769.94,33231.79,smb-scheduling,8826363.4
free budget app reddit,390,LOW,14,2892.96,24112.31,personal-finance,8745534.8
shopping list and meal planner,1900,HIGH,100,2214.0,9188.44,fitness-tracking,8729018.0
editorial calendar template google sheets,880,HIGH,98,4551.32,19331.31,content-creator,8675891.9
contract generator,320,HIGH,68,6937.19,40750.07,smb-proposals,8606414.8
honeydue app,720,LOW,24,2986.55,13537.43,personal-finance,8577315.6
macro tracker for weight loss,1300,LOW,25,1693.16,7506.51,fitness-tracking,8538655.1
free expense manager app,480,LOW,29,4463.06,20540.82,personal-finance,8429952.5
free app to manage expenses,480,LOW,29,4463.06,20540.82,personal-finance,8429952.5
appointment reminder app,390,MEDIUM,61,5707.41,31098.93,smb-scheduling,8429365.0
family finance app,480,LOW,2,2353.88,17606.38,personal-finance,8366551.8
construction quotation template,590,HIGH,99,5844.95,27715.55,smb-invoicing,8257848.1
construction quotation template word,590,HIGH,99,5844.95,27715.55,smb-invoicing,8257848.1
church membership software,320,MEDIUM,46,4583.53,33374.2,nonprofit-church,8223402.9
bill tracker app,880,MEDIUM,61,3551.01,13317.68,personal-finance,8145093.1
resume builder free download,1300,HIGH,78,3193.8,10217.82,job-search,8102731.3
personal information manager software,1000,LOW,11,3533.29,8416.91,productivity-habit,7953979.9
best budget app for couples,720,MEDIUM,55,2568.24,15232.53,personal-finance,7951380.7
best app for budgeting for couples,720,MEDIUM,55,2568.24,15232.53,personal-finance,7951380.7
best couples budget app,720,MEDIUM,55,2568.24,15232.53,personal-finance,7951380.7
habit app,1600,LOW,18,855.95,5406.77,productivity-habit,7872257.1
health and fitness tracker app,1300,LOW,2,1476.0,6089.06,fitness-tracking,7836620.2
health fitness tracker app,1300,LOW,2,1476.0,6089.06,fitness-tracking,7836620.2
free expense tracker app,720,MEDIUM,63,3837.6,15621.79,personal-finance,7704666.8
free app for expense tracking,720,MEDIUM,63,3837.6,15621.79,personal-finance,7704666.8
mileage tracker app for doordash,720,LOW,11,1522.99,11202.83,small-biz-accounting,7622405.5
free resume builder app,1000,HIGH,74,4106.14,12086.54,job-search,7614520.2
free resume maker app,1000,HIGH,74,4106.14,12086.54,job-search,7614520.2
free resume creator app,1000,HIGH,74,4106.14,12086.54,job-search,7614520.2
streak habit tracker,1300,LOW,1,1601.87,5873.77,productivity-habit,7597721.5
best wedding planning apps,1000,MEDIUM,54,2545.39,10361.84,event-planning,7564143.2
good wedding planning apps,1000,MEDIUM,54,2545.39,10361.84,event-planning,7564143.2
best wedding organizer app,1000,MEDIUM,54,2545.39,10361.84,event-planning,7564143.2
inventory tracking app free,480,HIGH,72,5609.05,24559.42,estate-planning,7544653.8
monthly expense tracker,880,HIGH,100,4878.23,17139.98,personal-finance,7541591.2
wedding todo checklist,3600,HIGH,100,339.18,4187.49,event-planning,7537482.0
exercise tracker bracelet,2900,HIGH,100,1319.65,5195.51,fitness-tracking,7533489.5
track business miles app,320,MEDIUM,52,4924.25,31531.54,small-biz-accounting,7466668.7
best workout log app,1600,LOW,28,885.6,5416.91,fitness-tracking,7453668.2
best gym log app,1600,LOW,28,885.6,5416.91,fitness-tracking,7453668.2
best fitness log app,1600,LOW,28,885.6,5416.91,fitness-tracking,7453668.2
best training log app,1600,LOW,28,885.6,5416.91,fitness-tracking,7453668.2
best exercise log app,1600,LOW,28,885.6,5416.91,fitness-tracking,7453668.2
financial planner free,480,MEDIUM,59,6450.11,21767.1,financial-advisor-biz,7365986.6
service quotation template,590,HIGH,92,6379.61,23088.66,smb-invoicing,7356047.1
quotation template for services,590,HIGH,92,6379.61,23088.66,smb-invoicing,7356047.1
church software programs,320,MEDIUM,59,4738.27,32531.0,nonprofit-church,7338993.6
church management software programs,320,MEDIUM,59,4738.27,32531.0,nonprofit-church,7338993.6
family tree maker genealogy software,1000,LOW,1,1420.35,7349.17,genealogy,7312424.2
family tree maker software,1600,LOW,24,970.23,5171.88,genealogy,7282007.0
money budget app,720,HIGH,68,3690.0,15260.82,personal-finance,7251941.7
macros app,1300,MEDIUM,38,1792.25,6813.02,fitness-tracking,7174110.1
paid time off tracker excel,390,HIGH,92,6275.62,33907.08,hr-recruiting-smb,7140831.0
google maps trip planner multiple stops,1300,LOW,14,1118.13,5887.14,travel-planning,7117552.3
online budget planner free,720,HIGH,71,3424.68,15071.26,personal-finance,6999093.1
free resume app,880,HIGH,74,3816.5,12329.97,job-search,6835735.4
automatic budget app,480,MEDIUM,50,4695.61,18833.74,personal-finance,6780146.4
automated budget app,480,MEDIUM,50,4695.61,18833.74,personal-finance,6780146.4
auto budget app,480,MEDIUM,50,4695.61,18833.74,personal-finance,6780146.4
expense tracking google sheets,590,MEDIUM,54,3056.16,15608.7,personal-finance,6722667.1
workout tracker,2900,HIGH,95,734.24,4413.24,fitness-tracking,6719157.9
best macro tracking app free,1600,HIGH,68,1531.47,6161.34,fitness-tracking,6506375.0
internship tracker google sheet,320,LOW,3,3025.8,20528.59,job-search,6470611.6
mileage iq app,720,MEDIUM,39,2342.87,11161.0,small-biz-accounting,6468915.6
meal plan generator,1000,MEDIUM,60,1912.45,9167.5,fitness-tracking,6417250.0
best bill tracker app,590,MEDIUM,64,2992.99,15932.51,personal-finance,6392123.0
fitness tracker watch apple,4400,LOW,27,617.75,1667.88,fitness-tracking,6347951.3
bill organizer app,720,MEDIUM,63,3453.84,12767.39,personal-finance,6296876.7
bill organiser app,720,MEDIUM,63,3453.84,12767.39,personal-finance,6296876.7
best financial planning apps,390,MEDIUM,35,4134.24,19411.49,personal-finance,6245646.9
free budget tracker app,720,HIGH,74,2333.1,13746.92,personal-finance,6235602.9
resume builder for microsoft word,720,LOW,9,2910.47,9031.57,job-search,6210107.5
copilot money app,880,MEDIUM,44,1686.75,8985.46,personal-finance,6167619.7
resume writing software,480,LOW,28,2838.46,14848.54,job-search,6129477.3
parenting communication app,720,MEDIUM,58,1762.83,11891.41,coparenting,6078888.8
church tracking,590,LOW,18,2445.41,11314.77,nonprofit-church,6074900.0
spending app,480,MEDIUM,45,3185.31,16250.74,personal-finance,6045275.3
macro food planner,1000,HIGH,94,2658.14,11400.68,fitness-tracking,6042360.4
best budget tracker,390,HIGH,78,4179.5,25344.85,personal-finance,6029539.8
resume editor online free,720,HIGH,80,4557.91,13894.19,job-search,6002290.1
lawn care scheduling,720,LOW,12,263.46,8848.61,landscaping-biz,5988739.2
free co parenting app,2400,MEDIUM,56,1099.72,3461.73,coparenting,5981869.4
best free budgeting tool,480,HIGH,72,2863.44,19438.63,personal-finance,5971547.1
professional quotation template,320,HIGH,89,9372.59,33299.87,smb-invoicing,5914056.9
best exercise tracker watch,2900,HIGH,100,467.17,4073.76,fitness-tracking,5906952.0
macro nutrient tracker app,1000,MEDIUM,39,2273.04,7322.64,fitness-tracking,5894725.2
macro counting app,1000,MEDIUM,55,2184.33,8027.34,fitness-tracking,5819821.5
best mileage app,720,MEDIUM,55,2053.51,11084.16,small-biz-accounting,5785931.5
best mileage log app,720,MEDIUM,55,2053.51,11084.16,small-biz-accounting,5785931.5
good mileage tracker app,720,MEDIUM,55,2053.51,11084.16,small-biz-accounting,5785931.5
free online scheduler,320,HIGH,72,7050.84,27976.29,smb-scheduling,5729544.2
myheritage family tree builder,1900,LOW,25,567.86,3435.67,genealogy,5711801.4
myheritage family tree builder software,1900,LOW,25,567.86,3435.67,genealogy,5711801.4
turbotenant the easiest landlord software,320,MEDIUM,39,531.36,21919.3,real-estate-pm,5646411.7
mileage tracker for doordash,720,MEDIUM,34,2033.76,9420.5,small-biz-accounting,5629690.8
track weight loss app,880,MEDIUM,56,1825.25,8855.99,productivity-habit,5611155.3
monthly budget calculator free,720,MEDIUM,45,2591.8,9961.94,personal-finance,5558762.5
free money tracking apps,590,HIGH,73,2769.35,14827.48,personal-finance,5555115.4
online budgeting,480,HIGH,67,4731.57,17347.95,personal-finance,5537465.6
travel itinerary app,1300,LOW,15,1003.68,4592.05,travel-planning,5521940.1
trip itinerary app,1300,LOW,15,1003.68,4592.05,travel-planning,5521940.1
app for itinerary,1300,LOW,15,1003.68,4592.05,travel-planning,5521940.1
itinerary travel app,1300,LOW,15,1003.68,4592.05,travel-planning,5521940.1
app for trip itinerary,1300,LOW,15,1003.68,4592.05,travel-planning,5521940.1
weekly budget app,480,LOW,19,3070.08,12575.51,personal-finance,5462801.5
diet food planner,720,HIGH,100,3379.61,15131.04,fitness-tracking,5447174.4
cv builder online free,720,HIGH,69,3214.63,11499.96,job-search,5423381.1
create cv free online,720,HIGH,69,3214.63,11499.96,job-search,5423381.1
free online cv generator,720,HIGH,69,3214.63,11499.96,job-search,5423381.1
fitness app apple watch,1600,LOW,8,1276.24,3518.05,fitness-tracking,5403724.8
calorie and macro tracking app,480,LOW,5,2612.46,11508.83,fitness-tracking,5386132.4
calorie and macro tracker app,480,LOW,5,2612.46,11508.83,fitness-tracking,5386132.4
cleo budgeting app,320,LOW,11,3925.02,17637.33,personal-finance,5333528.6
best budget planner,720,HIGH,100,2683.68,14774.74,personal-finance,5318906.4
distance tracker for running,1900,LOW,20,621.26,3085.73,small-biz-accounting,5276598.3
fitness app for ios,880,LOW,3,2671.56,6040.11,fitness-tracking,5235567.3
free automotive repair software,480,MEDIUM,62,4337.75,15656.91,automotive-shop,5185568.6
auto repair software free,480,MEDIUM,62,4337.75,15656.91,automotive-shop,5185568.6
auto repair shop software free,480,MEDIUM,62,4337.75,15656.91,automotive-shop,5185568.6
automotive repair shop software free,480,MEDIUM,62,4337.75,15656.91,automotive-shop,5185568.6
auto repair shop software freeware,480,MEDIUM,62,4337.75,15656.91,automotive-shop,5185568.6
mileage tracker for taxes,480,MEDIUM,52,2375.26,14405.74,small-biz-accounting,5116918.8
miles tracker for taxes,480,MEDIUM,52,2375.26,14405.74,small-biz-accounting,5116918.8
quicken budget app,590,MEDIUM,44,1892.76,11025.71,personal-finance,5074031.7
money monitoring app,590,MEDIUM,63,2952.0,12516.32,personal-finance,5058470.7
best resume builder app,590,HIGH,77,4613.19,13891.98,job-search,5040704.9
best resume creator app,590,HIGH,77,4613.19,13891.98,job-search,5040704.9
best resume writing app,590,HIGH,77,4613.19,13891.98,job-search,5040704.9
best app for resume building,590,HIGH,77,4613.19,13891.98,job-search,5040704.9
mileage app,880,MEDIUM,61,2073.04,8179.08,small-biz-accounting,5002325.3
best app for counting macros,880,MEDIUM,66,2038.47,8383.67,fitness-tracking,4943011.8
best app to count macros,880,MEDIUM,66,2038.47,8383.67,fitness-tracking,4943011.8
best counting macros app,880,MEDIUM,66,2038.47,8383.67,fitness-tracking,4943011.8
best app for macros counting,880,MEDIUM,66,2038.47,8383.67,fitness-tracking,4943011.8
good app for counting macros,880,MEDIUM,66,2038.47,8383.67,fitness-tracking,4943011.8
planning center church management software,390,LOW,6,2996.09,13027.45,nonprofit-church,4928284.3
plan to eat app,1000,LOW,7,446.57,5096.05,fitness-tracking,4917688.2
best free meal planning app,590,MEDIUM,51,1983.42,11175.64,"fitness-tracking, restaurant-ops",4912252.6
best free meal prep app,590,MEDIUM,51,1983.42,11175.64,fitness-tracking,4912252.6
best meal planner app free,590,MEDIUM,51,1983.42,11175.64,fitness-tracking,4912252.6
best free menu planning app,590,MEDIUM,51,1983.42,11175.64,fitness-tracking,4912252.6
cv builder online,720,MEDIUM,34,2854.06,8203.26,job-search,4902268.2
app for macro counting,1000,MEDIUM,62,2247.57,7013.35,fitness-tracking,4839211.5
free online resume template,720,HIGH,71,3581.21,10369.95,job-search,4815804.8
ancestry family tree builder,590,LOW,0,943.24,8117.99,genealogy,4789614.1
best home budget app,320,MEDIUM,34,3967.78,17861.85,personal-finance,4744107.4
google sheet content calendar template,480,HIGH,98,4200.22,18985.7,content-creator,4647699.4
doordash mileage tracker,480,LOW,33,2184.48,11545.82,small-biz-accounting,4627564.7
budget food planner,1000,HIGH,68,295.91,6991.53,fitness-tracking,4614409.8
mealime app,720,LOW,21,1650.64,7120.57,fitness-tracking,4588495.3
guest list app,320,MEDIUM,59,3444.88,20307.69,personal-finance,4581414.9
forks over knives meal planner,590,LOW,33,2058.24,9231.43,fitness-tracking,4547864.0
daily expense tracker,590,HIGH,100,3713.99,15391.24,personal-finance,4540415.8
daily spending tracker,590,HIGH,100,3713.99,15391.24,personal-finance,4540415.8
shopping list weekly meal planner,880,HIGH,100,1700.21,10169.44,fitness-tracking,4474553.6
personal expense tracker app free,590,HIGH,70,2292.91,11622.01,personal-finance,4457040.8
gramps genealogy software,880,LOW,3,691.26,5081.35,genealogy,4404514.2
best mileage tracking app free,1000,MEDIUM,47,1517.22,5750.29,small-biz-accounting,4398971.8
best free app for mileage tracking,1000,MEDIUM,47,1517.22,5750.29,small-biz-accounting,4398971.8
best free app for tracking mileage,1000,MEDIUM,47,1517.22,5750.29,small-biz-accounting,4398971.8
best app for tracking mileage free,1000,MEDIUM,47,1517.22,5750.29,small-biz-accounting,4398971.8
best family budget app,320,HIGH,73,3997.06,21568.43,personal-finance,4382705.0
quotation template word,390,HIGH,89,2263.82,20201.38,smb-invoicing,4372588.7
rocket budget app,390,MEDIUM,45,1859.76,14240.72,personal-finance,4304257.6
meal planning app with grocery list,590,MEDIUM,62,2715.84,10518.45,fitness-tracking,4282061.0
meal planning and grocery list app,590,MEDIUM,62,2715.84,10518.45,fitness-tracking,4282061.0
meal plan app with grocery list,590,MEDIUM,62,2715.84,10518.45,fitness-tracking,4282061.0
meal plan and shopping list app,590,MEDIUM,62,2715.84,10518.45,fitness-tracking,4282061.0
meal plan shopping list app,590,MEDIUM,62,2715.84,10518.45,fitness-tracking,4282061.0
app for meal planning and grocery list,590,MEDIUM,62,2715.84,10518.45,restaurant-ops,4282061.0
walking workout app,1000,LOW,25,1319.93,4892.12,fitness-tracking,4280605.0
budget tracker excel,480,HIGH,100,2317.32,17711.98,personal-finance,4250875.2
one church software,590,LOW,31,2442.43,8463.48,nonprofit-church,4219468.0
best money budget app,390,HIGH,72,3723.4,16895.72,personal-finance,4217171.7
travel budget app,320,LOW,11,3335.76,13829.61,personal-finance,4182074.1
trip budget app,320,LOW,11,3335.76,13829.61,personal-finance,4182074.1
quotation template google docs,320,MEDIUM,37,3738.81,16002.72,smb-invoicing,4173509.4
google docs quotation template,320,MEDIUM,37,3738.81,16002.72,smb-invoicing,4173509.4
budget tracker google sheets,880,HIGH,100,1556.66,9482.95,personal-finance,4172498.0
budget tracking google sheets,880,HIGH,100,1556.66,9482.95,personal-finance,4172498.0
easy budget app,480,HIGH,73,2586.91,13608.7,personal-finance,4147931.8
best fitness tracker app,880,MEDIUM,45,1719.56,5999.58,fitness-tracking,4091713.6
best exercise tracker app,880,MEDIUM,45,1719.56,5999.58,fitness-tracking,4091713.6
best activity tracker apps,880,MEDIUM,45,1719.56,5999.58,fitness-tracking,4091713.6
free mileage tracker,720,MEDIUM,51,2013.92,7588.55,small-biz-accounting,4070498.2
pocketguard app,590,MEDIUM,38,1558.19,8497.63,personal-finance,4061017.4
pocket guard app,590,MEDIUM,38,1558.19,8497.63,personal-finance,4061017.4
wedding planner app free,590,MEDIUM,61,2317.32,9793.73,event-planning,4015919.0
loop habit tracker,1300,LOW,6,753.62,3173.4,productivity-habit,4001657.4
free budget app for iphone,590,HIGH,74,1975.13,10671.42,personal-finance,3966566.8
etsy charges calculator,3600,LOW,3,88.88,1117.85,etsy-seller,3963896.1
fitness tracking apps,880,LOW,18,1869.27,4900.31,fitness-tracking,3924168.2
resume builder software,320,MEDIUM,50,4517.03,16244.8,job-search,3898752.0
resume creation software,320,MEDIUM,50,4517.03,16244.8,job-search,3898752.0
debt payoff tracker,590,HIGH,100,2524.16,13041.55,personal-finance,3847257.2
pay off debt tracker,590,HIGH,100,2524.16,13041.55,personal-finance,3847257.2
professional landscape design software,390,HIGH,75,2517.23,15592.63,landscaping-biz,3800703.6
budget and expense tracker,390,HIGH,100,5121.56,18989.43,personal-finance,3702938.9
budget expense tracker,390,HIGH,100,5121.56,18989.43,personal-finance,3702938.9
budget and spending tracker,390,HIGH,100,5121.56,18989.43,personal-finance,3702938.9
budget spending tracker,390,HIGH,100,5121.56,18989.43,personal-finance,3702938.9
ramsey budget app,590,MEDIUM,42,2163.73,7935.47,personal-finance,3698722.6
best fitness app for apple watch,720,LOW,20,1695.63,5697.35,fitness-tracking,3691882.8
best workout app for apple watch,720,LOW,20,1695.63,5697.35,fitness-tracking,3691882.8
best fitness app apple watch,720,LOW,20,1695.63,5697.35,fitness-tracking,3691882.8
best exercise app for apple watch,720,LOW,20,1695.63,5697.35,fitness-tracking,3691882.8
best fitness app with apple watch,720,LOW,20,1695.63,5697.35,fitness-tracking,3691882.8
goal setting app,590,LOW,22,1738.65,6987.22,productivity-habit,3668989.2
goal achievement app,590,LOW,22,1738.65,6987.22,productivity-habit,3668989.2
best free expense tracker app,390,MEDIUM,60,2524.83,13416.68,personal-finance,3662753.6
best free app for expense tracking,390,MEDIUM,60,2524.83,13416.68,personal-finance,3662753.6
best free expense manager app,390,MEDIUM,60,2524.83,13416.68,personal-finance,3662753.6
spending tracker app free,390,HIGH,67,2984.38,14110.54,personal-finance,3659568.5
best free money management app,390,HIGH,75,2524.06,14967.09,personal-finance,3648228.2
best net worth tracker,320,MEDIUM,54,3526.18,15521.31,personal-finance,3625778.0
monthly spending tracker,390,HIGH,100,4671.48,18566.64,personal-finance,3620494.8
meal planner for one,480,HIGH,100,3996.46,15075.98,fitness-tracking,3618235.2
best free workout tracker app,880,LOW,26,735.69,4708.43,fitness-tracking,3604774.0
best free exercise tracker app,880,LOW,26,735.69,4708.43,fitness-tracking,3604774.0
free macro tracker,1000,HIGH,68,1653.12,5431.67,fitness-tracking,3584902.2
free macros tracker,1000,HIGH,68,1653.12,5431.67,fitness-tracking,3584902.2
sample quotation template,390,HIGH,100,4622.04,18365.91,smb-invoicing,3581352.5
example quotation template,390,HIGH,100,4622.04,18365.91,smb-invoicing,3581352.5
ancestry family tree maker software,480,LOW,19,1526.21,8117.99,genealogy,3526454.9
iphone budget app,390,MEDIUM,45,2235.6,11630.87,personal-finance,3515430.5
walking mileage tracker,1600,MEDIUM,52,592.77,2934.73,small-biz-accounting,3474720.3
personal expense tracker,320,HIGH,100,4303.44,21379.76,personal-finance,3420761.6
personal spending tracker,320,HIGH,100,4303.44,21379.76,personal-finance,3420761.6
personal expense manager,320,HIGH,100,4303.44,21379.76,personal-finance,3420761.6
online best resume maker,320,HIGH,71,4859.68,16485.66,job-search,3402640.2
best bill organizer app free,480,HIGH,71,2940.72,10907.63,personal-finance,3377002.2
budget app android,320,LOW,27,2695.61,12169.17,personal-finance,3368426.3
app for meals,320,MEDIUM,55,3886.38,14518.48,fitness-tracking,3368287.4
budget rental car app,720,LOW,21,1017.25,5223.48,personal-finance,3366010.5
budget rental app,720,LOW,21,1017.25,5223.48,personal-finance,3366010.5
resume editor online,390,HIGH,71,4382.0,13317.57,job-search,3350034.7
driving trip planning app,1000,MEDIUM,53,1003.68,4538.22,travel-planning,3335591.7
online food planner,390,HIGH,92,3822.84,15660.66,fitness-tracking,3298135.0
free habit tracker app,1300,MEDIUM,38,1023.1,3101.55,productivity-habit,3265932.2
habit building app,590,LOW,11,947.93,5682.59,productivity-habit,3168328.1
create habits app,590,LOW,11,947.93,5682.59,productivity-habit,3168328.1
workout log app,1000,LOW,31,734.64,3732.05,fitness-tracking,3153582.2
exercise log app,1000,LOW,31,734.64,3732.05,fitness-tracking,3153582.2
monthly budget tracker,390,HIGH,100,4173.54,15979.46,personal-finance,3115994.7
best macro app,480,MEDIUM,59,2191.65,9180.71,fitness-tracking,3106752.3
itinerary app,880,MEDIUM,45,1151.28,4538.49,travel-planning,3095250.2
family historian software,480,LOW,6,1608.74,6641.99,genealogy,3092510.5
family historian genealogy software,480,LOW,6,1608.74,6641.99,genealogy,3092510.5
printable weekly food planner,1300,HIGH,99,841.01,4632.74,fitness-tracking,3041393.8
food planner calendar,1300,HIGH,100,899.35,4664.75,fitness-tracking,3032087.5
meal calendar planner,1300,HIGH,100,899.35,4664.75,fitness-tracking,3032087.5
free co parenting app court approved,1000,MEDIUM,53,1253.89,4098.85,coparenting,3012654.8
microsoft office home and student software,880,HIGH,100,1327.68,6810.02,productivity-habit,2996408.8
goal counter app,590,LOW,29,1263.98,5909.87,productivity-habit,2981233.9
bill tracker google sheets,590,HIGH,88,1174.25,8900.73,personal-finance,2940801.2
google sheets bill tracker,590,HIGH,88,1174.25,8900.73,personal-finance,2940801.2
breeze church software,320,LOW,33,2988.09,10869.07,nonprofit-church,2904215.5
breeze church management software,320,LOW,33,2988.09,10869.07,nonprofit-church,2904215.5
keto meal plan app,390,LOW,20,5201.23,8241.24,fitness-tracking,2892675.2
best itinerary app,720,LOW,29,1018.44,4653.33,travel-planning,2864589.9
best travel itinerary app,720,LOW,29,1018.44,4653.33,travel-planning,2864589.9
best app for trip itinerary,720,LOW,29,1018.44,4653.33,travel-planning,2864589.9
free workout tracker app,880,MEDIUM,46,738.04,4221.36,fitness-tracking,2860393.5
exercise tracker app free,880,MEDIUM,46,738.04,4221.36,fitness-tracking,2860393.5
automatic captions generator,880,MEDIUM,49,728.51,4279.12,content-creator,2843047.3
easy meal planner,720,HIGH,99,1233.92,7810.28,fitness-tracking,2839817.8
weekly family food planner,720,HIGH,100,754.94,7887.54,fitness-tracking,2839514.4
free habit tracker,880,LOW,25,1121.76,3686.25,productivity-habit,2838412.5
debt tracker printable,590,HIGH,100,660.31,9617.6,personal-finance,2837192.0
printable debt tracker,590,HIGH,100,660.31,9617.6,personal-finance,2837192.0
monthly budget app,320,HIGH,68,3102.48,13251.22,personal-finance,2798657.7
dave ramsey every dollar app,590,MEDIUM,36,1771.2,5638.31,personal-finance,2727814.4
best budget app for iphone,320,MEDIUM,63,2745.28,12442.51,personal-finance,2727398.2
weekly food planner ideas,1000,HIGH,100,145.95,5383.92,fitness-tracking,2691960.0
best macro tracker,480,MEDIUM,60,1967.91,8009.5,fitness-tracking,2691192.0
best macronutrient tracker,480,MEDIUM,60,1967.91,8009.5,fitness-tracking,2691192.0
net worth tracking app,320,MEDIUM,41,2347.83,10537.26,personal-finance,2680678.9
printable budget planner,590,HIGH,100,809.34,9008.15,personal-finance,2657404.2
easy meal planner for the week,720,HIGH,98,582.52,7123.3,fitness-tracking,2615675.8
best resume app,320,HIGH,74,4370.3,12966.27,job-search,2614000.0
free bill tracker app,320,HIGH,72,3080.46,12489.72,personal-finance,2557894.7
google sheets budget tracker,590,MEDIUM,65,1030.37,6405.83,personal-finance,2551121.8
money tracker sheet,390,HIGH,100,3121.73,12976.48,personal-finance,2530413.6
every dollar app cost,720,MEDIUM,38,1238.34,4312.46,personal-finance,2515026.7
wedding budget app,320,LOW,19,2568.88,8617.12,event-planning,2495518.0
simple free budget app,390,HIGH,72,2051.64,9824.14,personal-finance,2452105.3
free travel planner app,590,MEDIUM,49,1003.68,5431.34,travel-planning,2419390.4
strong workout tracker,320,LOW,1,1406.8,7586.63,fitness-tracking,2415583.0
mileage tracker sheet,590,HIGH,100,1204.22,8048.34,small-biz-accounting,2374260.3
free budget app for couples,320,HIGH,69,1966.15,11168.62,personal-finance,2340942.8
exercise tracker,880,HIGH,100,1180.8,5195.51,fitness-tracking,2286024.4
software for church directory,320,MEDIUM,37,3165.45,8607.17,nonprofit-church,2244749.9
free online family tree maker,390,LOW,29,657.96,6641.99,genealogy,2214771.6
free online family tree builder,390,LOW,29,657.96,6641.99,genealogy,2214771.6
debt payoff tracker printable,390,HIGH,100,424.18,11327.45,personal-finance,2208852.8
pay off debt tracker printable,390,HIGH,100,424.18,11327.45,personal-finance,2208852.8
google sheets spending tracker,480,HIGH,97,1544.65,8913.85,personal-finance,2203503.7
daily habit tracker,1000,HIGH,100,851.5,4393.59,productivity-habit,2196795.0
mileage log app,320,MEDIUM,55,1899.92,9456.54,small-biz-accounting,2193917.3
log mileage app,320,MEDIUM,55,1899.92,9456.54,small-biz-accounting,2193917.3
family meal planning app,320,MEDIUM,39,2456.35,8486.75,fitness-tracking,2186186.8
family menu planning app,320,MEDIUM,39,2456.35,8486.75,fitness-tracking,2186186.8
meal planning app family,320,MEDIUM,39,2456.35,8486.75,fitness-tracking,2186186.8
meal planning app for families,320,MEDIUM,39,2456.35,8486.75,restaurant-ops,2186186.8
money goal tracker,390,MEDIUM,48,2277.71,7327.7,personal-finance,2171930.3
paprika meal planning,390,LOW,5,1767.52,5670.41,fitness-tracking,2156173.4
paprika menu planner,390,LOW,5,1767.52,5670.41,fitness-tracking,2156173.4
budget calculator app,320,MEDIUM,62,2937.24,9697.45,personal-finance,2141197.0
car mileage tracker,480,HIGH,76,1695.71,7158.59,small-biz-accounting,2130396.4
app that tracks distance walked,880,MEDIUM,60,774.2,3445.11,small-biz-accounting,2122187.8
family tree maker software download,480,LOW,18,2096.2,4833.49,genealogy,2111268.4
calorie and macro tracker,320,MEDIUM,54,2215.95,8480.08,fitness-tracking,1980946.7
calorie macro tracker,320,MEDIUM,54,2215.95,8480.08,fitness-tracking,1980946.7
macro and calorie tracker,320,MEDIUM,54,2215.95,8480.08,fitness-tracking,1980946.7
macro calorie tracker,320,MEDIUM,54,2215.95,8480.08,fitness-tracking,1980946.7
weekly expense tracker,320,HIGH,100,3039.13,11985.11,personal-finance,1917617.6
weekly spending tracker,320,HIGH,100,3039.13,11985.11,personal-finance,1917617.6
best exercise and sleep tracker,720,HIGH,100,517.77,5319.89,fitness-tracking,1915160.4
best free habit tracker app,590,LOW,15,1004.25,3474.27,productivity-habit,1896082.9
free macro app,590,HIGH,68,1549.8,4699.98,fitness-tracking,1830172.2
running mileage tracker,880,MEDIUM,53,744.48,2804.4,small-biz-accounting,1813885.9
best driving trip planning app,390,MEDIUM,38,1077.48,5686.08,travel-planning,1796232.7
free workout tracker,480,MEDIUM,36,736.63,4544.93,fitness-tracking,1788884.4
free exercise tracker,480,MEDIUM,36,736.63,4544.93,fitness-tracking,1788884.4
monthly bill planner,390,HIGH,100,1217.46,8534.06,personal-finance,1664141.7
google sheets budget planner,390,LOW,9,921.86,4462.75,personal-finance,1662151.2
macro tracking app free,480,HIGH,71,1576.4,5358.59,fitness-tracking,1659019.5
word cv template free download,590,MEDIUM,41,1507.88,3459.57,job-search,1622711.3
free app to track macros,480,HIGH,72,1447.16,5234.48,fitness-tracking,1608032.3
google sheets habit tracker,480,HIGH,96,1147.18,6360.83,productivity-habit,1587663.2
car mileage tracker app,320,MEDIUM,35,1999.45,5942.29,small-biz-accounting,1568764.6
auto mileage tracker app,320,MEDIUM,35,1999.45,5942.29,small-biz-accounting,1568764.6
app for tracking car mileage,320,MEDIUM,35,1999.45,5942.29,small-biz-accounting,1568764.6
distance tracker app,590,HIGH,67,1007.45,3985.2,small-biz-accounting,1563593.2
free macro counting app,480,HIGH,69,1549.8,4958.18,fitness-tracking,1558851.8
free macro counter app,480,HIGH,69,1549.8,4958.18,fitness-tracking,1558851.8
free app for counting macros,480,HIGH,69,1549.8,4958.18,fitness-tracking,1558851.8
counting macros app free,480,HIGH,69,1549.8,4958.18,fitness-tracking,1558851.8
tracking my walking distance,590,MEDIUM,46,738.0,3404.07,small-biz-accounting,1546469.0
garmin exercise tracker,1900,HIGH,98,418.07,1586.89,fitness-tracking,1537696.4
wedding budget tracker,320,HIGH,67,2132.01,7050.45,event-planning,1500335.8
macro calculator app,390,MEDIUM,46,1708.38,4986.42,fitness-tracking,1497421.9
macro calculator apps,390,MEDIUM,46,1708.38,4986.42,fitness-tracking,1497421.9
best habit tracker,390,MEDIUM,42,853.77,4859.73,productivity-habit,1497282.8
good habits tracker,390,MEDIUM,42,853.77,4859.73,productivity-habit,1497282.8
exercise journal app,480,MEDIUM,42,732.76,3945.76,fitness-tracking,1496232.2
loop habit tracker app,390,LOW,5,1434.95,3909.45,productivity-habit,1486568.4
mileage app free,390,MEDIUM,61,1608.84,5416.91,small-biz-accounting,1468253.5
free macro tracker app,390,MEDIUM,66,1695.48,5564.51,fitness-tracking,1454006.5
weight lifting app tracker,390,MEDIUM,40,821.82,4628.98,fitness-tracking,1444241.8
weightlifting tracker app,390,MEDIUM,40,821.82,4628.98,fitness-tracking,1444241.8
strong workout tracker gym log,320,LOW,8,1073.14,4561.3,fitness-tracking,1401231.4
smart goals app,320,LOW,5,1480.66,4466.44,productivity-habit,1393529.3
etsy calculator,880,LOW,13,78.94,1632.31,etsy-seller,1343064.7
group travel planning app,320,LOW,15,988.92,4456.69,travel-planning,1319180.2
fitness tracker app free,390,MEDIUM,51,1077.48,4428.0,fitness-tracking,1286555.4
best free app to track macros,390,HIGH,67,1311.51,4915.07,fitness-tracking,1274723.4
best free app to track macronutrients,390,HIGH,67,1311.51,4915.07,fitness-tracking,1274723.4
best free macro tracker,390,MEDIUM,59,1296.6,4461.09,fitness-tracking,1226576.7
wedding seating chart app,480,MEDIUM,47,1258.69,3321.0,event-planning,1219471.2
wedding seating plan app,480,MEDIUM,47,1258.69,3321.0,event-planning,1219471.2
budget fastbreak app,320,LOW,7,191.88,3947.79,personal-finance,1219077.6
keto tracker,390,HIGH,97,1387.44,6016.83,fitness-tracking,1208480.3
productive habit tracker,320,LOW,8,2214.0,3839.94,productivity-habit,1179629.6
weight lifting tracker app,320,MEDIUM,49,880.21,4729.9,fitness-tracking,1142743.8
weight training tracking app,320,MEDIUM,49,880.21,4729.9,fitness-tracking,1142743.8
app track weight lifting,320,MEDIUM,49,880.21,4729.9,fitness-tracking,1142743.8
fitness workout tracker,320,HIGH,70,383.62,5195.51,fitness-tracking,1080666.1
ourfamilywizard co parent app,320,LOW,9,133.36,3531.03,coparenting,1079082.8
gym tracker,480,HIGH,82,723.49,3674.34,fitness-tracking,1040573.1
best free app for tracking macros,320,HIGH,67,1198.72,4875.44,fitness-tracking,1037493.6
best free macro counter app,320,HIGH,67,1198.72,4875.44,fitness-tracking,1037493.6
habit tracker google sheets,480,HIGH,100,1173.66,4009.49,productivity-habit,962277.6
habits tracker google sheets,480,HIGH,100,1173.66,4009.49,productivity-habit,962277.6
best free co parenting app,320,MEDIUM,52,1143.59,3873.57,coparenting,917261.4
apple fitness tracking,720,HIGH,95,448.54,2391.12,fitness-tracking,903843.4
best habit tracker app free,320,LOW,27,944.64,3188.16,productivity-habit,882482.7
wedding planning google sheets,320,HIGH,90,1462.52,4653.84,event-planning,819075.8
weight lifting tracker,320,HIGH,89,737.23,4368.96,fitness-tracking,775927.3
strength training tracker,320,HIGH,89,737.23,4368.96,fitness-tracking,775927.3
lifting weight tracker,320,HIGH,89,737.23,4368.96,fitness-tracking,775927.3
etsy pricing calculator,320,LOW,11,127.81,2457.92,etsy-seller,743275.0
polar exercise tracker,720,HIGH,100,275.03,2056.64,fitness-tracking,740390.4
polar workout tracker,720,HIGH,100,275.03,2056.64,fitness-tracking,740390.4
packing list app,320,LOW,3,295.2,2317.32,travel-planning,730419.3
packing checklist app,320,LOW,3,295.2,2317.32,travel-planning,730419.3
etsy fees calculator,480,LOW,9,62.54,1484.43,etsy-seller,680462.7
printable workout tracker,480,HIGH,100,366.74,2665.88,fitness-tracking,639811.2
best workout tracker,5400,LOW,29,45.78,135.21,fitness-tracking,624264.6
apple watch exercise tracking,390,LOW,7,678.96,1656.02,fitness-tracking,623243.1
apple watch workout tracker,390,LOW,7,678.96,1656.02,fitness-tracking,623243.1
workout tracker apple watch,390,LOW,7,678.96,1656.02,fitness-tracking,623243.1
workout tracker for apple watch,390,LOW,7,678.96,1656.02,fitness-tracking,623243.1
tracking fitness with apple watch,390,LOW,7,678.96,1656.02,fitness-tracking,623243.1
apple fitness tracker watch,590,HIGH,86,576.69,1401.1,fitness-tracking,471189.9
apple watch with fitness tracker,590,HIGH,86,576.69,1401.1,fitness-tracking,471189.9
apple watch for tracking fitness,590,HIGH,86,576.69,1401.1,fitness-tracking,471189.9
