keyword,categoria,volumen_mensual,competencia_pago,indice_competencia_pago,puja_baja_ars,puja_alta_ars
zapatilla,Calzado/ropa deportiva generica de marca (descartar - ultra competido),135000,HIGH,100,50.66,359.1
zapatillas adidas,Calzado/ropa deportiva generica de marca (descartar - ultra competido),110000,HIGH,100,33.41,145.51
creatina,Suplementos,74000,HIGH,100,47.49,473.2
zapatillas pumas,Indumentaria deportiva,60500,HIGH,100,40.11,318.56
zapatillas puma,Calzado/ropa deportiva generica de marca (descartar - ultra competido),60500,HIGH,100,40.11,318.56
zapatillas adidas mujer,Calzado/ropa deportiva generica de marca (descartar - ultra competido),60500,HIGH,100,32.78,145.39
pelota de futbol,Futbol,40500,MEDIUM,47,61.89,260.99
camisetas de boca,Futbol,40500,HIGH,87,38.06,157.35
camiseta argentina,Camisetas de clubes/selecciones,40500,HIGH,100,42.0,161.2
camiseta de boca,Camisetas de clubes/selecciones,40500,HIGH,87,38.06,157.35
argentina camiseta,Camisetas de clubes/selecciones,40500,HIGH,100,42.0,161.2
camisetas argentina,Camisetas de clubes/selecciones,40500,HIGH,100,42.0,161.2
colageno hidrolizado,Suplementos,33100,HIGH,100,68.54,796.46
creatina monohidratada,Suplementos,33100,HIGH,100,55.12,381.65
creatina monohidrato,Suplementos,33100,HIGH,100,55.12,381.65
topper zapatillas,Indumentaria deportiva,33100,HIGH,100,57.84,1858.25
adidas botines,Futbol,33100,HIGH,100,33.42,145.39
zapatillas puma mujer,Calzado/ropa deportiva generica de marca (descartar - ultra competido),33100,HIGH,100,31.18,288.04
zapatillas adidas hombre,Calzado/ropa deportiva generica de marca (descartar - ultra competido),27100,HIGH,100,31.93,145.78
adidas zapatillas hombre,Calzado/ropa deportiva generica de marca (descartar - ultra competido),27100,HIGH,100,31.93,145.78
adidas hombre zapatillas,Calzado/ropa deportiva generica de marca (descartar - ultra competido),27100,HIGH,100,31.93,145.78
camiseta de argentina,Camisetas de clubes/selecciones,27100,HIGH,92,35.36,136.52
camiseta de river,Camisetas de clubes/selecciones,27100,HIGH,75,26.72,155.9
camisolas de argentina,Camisetas de clubes/selecciones,27100,HIGH,92,35.36,136.52
camiseta de argentin,Camisetas de clubes/selecciones,27100,HIGH,92,35.36,136.52
whey whey protein,Suplementos,22200,HIGH,100,67.19,387.36
whey prowin,Suplementos,22200,HIGH,100,67.19,387.36
zapatillas mujer,Calzado/ropa deportiva generica de marca (descartar - ultra competido),22200,HIGH,100,44.04,301.39
zapatillas nike mujer,Calzado/ropa deportiva generica de marca (descartar - ultra competido),22200,HIGH,100,24.22,140.91
zapatillas nike hombre,Calzado/ropa deportiva generica de marca (descartar - ultra competido),22200,HIGH,100,23.56,145.7
puma zapatillas,Calzado/ropa deportiva generica de marca (descartar - ultra competido),22200,HIGH,100,54.32,1441.42
zapatillas vans,Calzado/ropa deportiva generica de marca (descartar - ultra competido),22200,HIGH,100,37.15,217.4
zapatillas jordan,Calzado/ropa deportiva generica de marca (descartar - ultra competido),22200,HIGH,72,28.32,173.29
zapatillas dc,Calzado/ropa deportiva generica de marca (descartar - ultra competido),22200,HIGH,100,32.61,230.27
zapatillas hombre nike,Calzado/ropa deportiva generica de marca (descartar - ultra competido),22200,HIGH,100,23.56,145.7
nike hombre zapatillas,Calzado/ropa deportiva generica de marca (descartar - ultra competido),22200,HIGH,100,23.56,145.7
ropa deportiva,Indumentaria deportiva,18100,HIGH,100,148.45,1051.73
ropa deporte,Indumentaria deportiva,18100,HIGH,100,148.45,1051.73
ropa deportivo,Indumentaria deportiva,18100,HIGH,100,148.45,1051.73
camiseta de futbol,Futbol,18100,MEDIUM,58,53.88,402.31
camisetas de futbol,Futbol,18100,MEDIUM,58,53.88,402.31
camisetas de fútbol,Futbol,18100,MEDIUM,58,53.88,402.31
camisolas de futbol,Futbol,18100,MEDIUM,58,53.88,402.31
seleccion de futbol belgica,Futbol,18100,LOW,2,83.12,554.26
zapatillas puma hombre,Calzado/ropa deportiva generica de marca (descartar - ultra competido),18100,HIGH,100,34.66,316.91
fila zapatillas,Calzado/ropa deportiva generica de marca (descartar - ultra competido),18100,HIGH,100,36.31,328.32
new balance zapatillas,Calzado/ropa deportiva generica de marca (descartar - ultra competido),18100,HIGH,100,17.0,131.92
filas zapatillas,Calzado/ropa deportiva generica de marca (descartar - ultra competido),18100,HIGH,100,36.31,328.32
paleta de padel,Padel,18100,HIGH,100,86.84,441.83
pelota de voley,Voley,18100,HIGH,93,18.15,185.14
pelota d evoley,Voley,18100,HIGH,93,18.15,185.14
pelota de vóley,Voley,18100,HIGH,93,18.15,185.14
zapatillas on,Indumentaria deportiva,14800,HIGH,100,62.67,348.33
zapatillas salomon,Indumentaria deportiva,14800,HIGH,100,29.6,287.93
zapatillas hombre,Calzado/ropa deportiva generica de marca (descartar - ultra competido),14800,HIGH,100,52.97,364.04
zapatillas new balance mujer,Calzado/ropa deportiva generica de marca (descartar - ultra competido),14800,HIGH,100,18.19,157.85
zapatillas deportivas mujer,Calzado/ropa deportiva generica de marca (descartar - ultra competido),14800,HIGH,100,40.35,262.64
zapatillas urbanas mujer,Calzado/ropa deportiva generica de marca (descartar - ultra competido),14800,HIGH,100,56.46,330.25
salomon zapatillas,Calzado/ropa deportiva generica de marca (descartar - ultra competido),14800,HIGH,100,29.6,287.93
ojotas nike,Calzado/ropa deportiva generica de marca (descartar - ultra competido),14800,HIGH,100,27.82,206.27
guantes de boxeo,Boxeo,14800,HIGH,100,21.35,292.0
guanteletas de boxeo,Boxeo,14800,HIGH,100,21.35,292.0
remera argentina,Camisetas de clubes/selecciones,14800,HIGH,100,40.83,166.34
remera de boca,Camisetas de clubes/selecciones,14800,HIGH,76,30.94,155.77
nueva camiseta de boca,Camisetas de clubes/selecciones,14800,HIGH,70,31.61,157.32
remera jordan,Indumentaria deportiva,12100,HIGH,93,34.56,260.64
ropa deportiva cerca de mi,Indumentaria deportiva,12100,HIGH,69,103.47,972.57
botines puma,Futbol,12100,HIGH,100,62.83,205.49
camisetas nani,Futbol,12100,LOW,19,80.83,813.88
camiseta nani,Futbol,12100,LOW,19,80.83,813.88
zapatillas lacoste,Calzado/ropa deportiva generica de marca (descartar - ultra competido),12100,HIGH,100,48.71,326.71
lacoste zapatillas,Calzado/ropa deportiva generica de marca (descartar - ultra competido),12100,HIGH,100,48.71,326.71
camiseta boca,Camisetas de clubes/selecciones,12100,HIGH,100,47.43,174.82
remera de argentina,Camisetas de clubes/selecciones,12100,HIGH,96,30.85,131.28
remera de river,Camisetas de clubes/selecciones,12100,HIGH,75,22.56,155.98
nueva camiseta de river,Camisetas de clubes/selecciones,12100,MEDIUM,57,23.96,156.19
boca camiseta,Camisetas de clubes/selecciones,12100,HIGH,100,47.43,174.82
creatina ena,Suplementos,9900,HIGH,100,68.22,421.66
para q sirve la creatina,Suplementos,9900,MEDIUM,43,6.19,125.76
ena creatina,Suplementos,9900,HIGH,100,68.22,421.66
b12 vitaminas para que sirve,Suplementos,9900,LOW,29,4.69,109.48
para sirve la creatina,Suplementos,9900,MEDIUM,43,6.19,125.76
buzo adidas,Indumentaria deportiva,9900,HIGH,100,48.94,155.09
zapatilla de mujer,Indumentaria deportiva,9900,HIGH,100,35.54,253.25
adidas buzo,Indumentaria deportiva,9900,HIGH,100,48.94,155.09
adidas buzos,Indumentaria deportiva,9900,HIGH,100,48.94,155.09
adidas pantalon mujer,Indumentaria deportiva,9900,HIGH,100,43.61,157.03
dcshoecousa zapatillas,Indumentaria deportiva,9900,HIGH,97,32.38,229.68
guantes de arquero,Futbol,9900,HIGH,100,31.41,185.56
botines futbol 5,Futbol,9900,HIGH,100,39.84,208.34
botines futsal,Futbol,9900,HIGH,100,51.29,254.36
camiseta river,Futbol,9900,HIGH,100,31.26,159.27
botin futsal,Futbol,9900,HIGH,100,51.29,254.36
zapatillas blancas,Calzado/ropa deportiva generica de marca (descartar - ultra competido),9900,HIGH,100,44.62,219.33
zapatillas converse,Calzado/ropa deportiva generica de marca (descartar - ultra competido),9900,HIGH,100,36.07,218.77
nike zapatillas,Calzado/ropa deportiva generica de marca (descartar - ultra competido),9900,HIGH,100,19.03,142.54
zapatillas asics,Calzado/ropa deportiva generica de marca (descartar - ultra competido),9900,HIGH,100,29.74,247.75
zapatillas reebok,Calzado/ropa deportiva generica de marca (descartar - ultra competido),9900,HIGH,100,23.88,156.66
zapatillas de mujer,Calzado/ropa deportiva generica de marca (descartar - ultra competido),9900,HIGH,100,35.54,253.25
asics zapatillas,Calzado/ropa deportiva generica de marca (descartar - ultra competido),9900,HIGH,100,44.7,523.69
zapatillas de basquet,Calzado/ropa deportiva generica de marca (descartar - ultra competido),9900,HIGH,100,50.77,260.51
dc zapatillas,Calzado/ropa deportiva generica de marca (descartar - ultra competido),9900,HIGH,97,32.38,229.68
zapatillas adidas samba,Calzado/ropa deportiva generica de marca (descartar - ultra competido),9900,HIGH,100,50.4,146.71
caña de pescar,Pesca,9900,HIGH,96,20.43,288.02
suplementos deportivos,Suplementos,8100,HIGH,82,135.62,529.39
proteina whey,Suplementos,8100,HIGH,100,58.05,330.57
centrum mujer,Suplementos,8100,HIGH,100,71.52,268.75
creatina star nutrition,Suplementos,8100,HIGH,100,77.06,405.45
calzas deportivas mujer,Indumentaria deportiva,8100,HIGH,100,127.13,985.2
pantalon adidas,Indumentaria deportiva,8100,HIGH,100,41.28,146.28
pantalon jordan,Indumentaria deportiva,8100,HIGH,81,35.54,239.5
conjuntos adidas,Indumentaria deportiva,8100,HIGH,100,38.22,147.95
adidas conjunto,Indumentaria deportiva,8100,HIGH,100,38.22,147.95
pelota del mundial,Futbol,8100,MEDIUM,66,30.71,156.19
zapatillas vans mujer,Calzado/ropa deportiva generica de marca (descartar - ultra competido),8100,HIGH,100,34.63,400.16
zapatillas reebok mujer,Calzado/ropa deportiva generica de marca (descartar - ultra competido),8100,HIGH,100,21.85,129.44
zapatillas fila mujer,Calzado/ropa deportiva generica de marca (descartar - ultra competido),8100,HIGH,100,21.89,169.51
zapatillas urbanas hombre,Calzado/ropa deportiva generica de marca (descartar - ultra competido),8100,HIGH,100,55.85,344.14
zapatillas nike air max,Calzado/ropa deportiva generica de marca (descartar - ultra competido),8100,HIGH,100,34.68,157.26
topper zapatillas hombre,Calzado/ropa deportiva generica de marca (descartar - ultra competido),8100,HIGH,100,50.49,1006.83
zapatillas samba,Calzado/ropa deportiva generica de marca (descartar - ultra competido),8100,HIGH,100,51.12,146.86
zapatillas adidas deportivas,Calzado/ropa deportiva generica de marca (descartar - ultra competido),8100,HIGH,100,32.23,145.39
zapatillas tn,Calzado/ropa deportiva generica de marca (descartar - ultra competido),8100,MEDIUM,40,29.88,157.27
tn zapatillas,Calzado/ropa deportiva generica de marca (descartar - ultra competido),8100,MEDIUM,40,29.88,157.27
pelota de basquet,Basquet,8100,HIGH,92,28.7,220.51
bolsa de dormir,Trekking/Camping,8100,HIGH,100,40.62,364.56
bolsadedormir,Trekking/Camping,8100,HIGH,100,40.62,364.56
adidas river,Camisetas de clubes/selecciones,8100,HIGH,100,20.93,145.58
adidas boca,Camisetas de clubes/selecciones,8100,HIGH,100,30.57,155.77
camiseta argentina nueva,Camisetas de clubes/selecciones,8100,HIGH,79,47.83,135.72
boca adidas,Camisetas de clubes/selecciones,8100,HIGH,100,30.57,155.77
river adidas,Camisetas de clubes/selecciones,8100,HIGH,100,20.93,145.58
adidas en river,Camisetas de clubes/selecciones,8100,HIGH,100,20.93,145.58
adidasriver,Camisetas de clubes/selecciones,8100,HIGH,100,20.93,145.58
quemador de grasa,Suplementos,6600,HIGH,100,37.15,371.26
multivitaminico,Suplementos,6600,HIGH,100,69.91,527.87
colageno hidrolizado para que sirve,Suplementos,6600,HIGH,76,15.17,337.57
vitamina d3 para que sirve,Suplementos,6600,LOW,30,5.47,147.18
proteina star nutrition,Suplementos,6600,HIGH,100,66.65,380.28
colageno hidrolisado para que sirve,Suplementos,6600,HIGH,76,15.17,337.57
shotb,Suplementos,6600,LOW,14,29.87,323.06
vultimitaminico,Suplementos,6600,HIGH,100,69.91,527.87
zapatillas running mujer,Indumentaria deportiva,6600,HIGH,100,46.07,204.13
conjunto deportivo mujer,Indumentaria deportiva,6600,HIGH,100,102.93,897.76
conjunto deportivo hombre,Indumentaria deportiva,6600,HIGH,100,62.24,483.62
shorts deportivos,Indumentaria deportiva,6600,HIGH,100,66.56,553.33
zapatillas montagne,Indumentaria deportiva,6600,HIGH,100,49.78,3124.28
remeras hombres,Indumentaria deportiva,6600,HIGH,100,131.42,839.63
camiseta seleccion argentina,Futbol,6600,HIGH,100,41.13,166.21
botines adidas predator,Futbol,6600,HIGH,100,34.99,145.39
pelota futbol,Futbol,6600,MEDIUM,46,60.13,261.72
camiseta independiente,Futbol,6600,HIGH,100,87.95,14597.84
pelotas futbol,Futbol,6600,MEDIUM,46,60.13,261.72
pelota fútbol,Futbol,6600,MEDIUM,46,60.13,261.72
futbol pelota,Futbol,6600,MEDIUM,46,60.13,261.72
botines f50,Futbol,6600,HIGH,95,40.86,155.77
raqueta de tenis,Tenis,6600,HIGH,99,46.44,282.2
zapatillas vans hombre,Calzado/ropa deportiva generica de marca (descartar - ultra competido),6600,HIGH,100,38.99,430.44
zapatillas deportivas hombre,Calzado/ropa deportiva generica de marca (descartar - ultra competido),6600,HIGH,100,51.94,321.42
zapatillas jordan hombre,Calzado/ropa deportiva generica de marca (descartar - ultra competido),6600,HIGH,100,32.82,179.7
sporting zapatillas,Calzado/ropa deportiva generica de marca (descartar - ultra competido),6600,HIGH,100,62.3,432.68
zapatillas jordan mujer,Calzado/ropa deportiva generica de marca (descartar - ultra competido),6600,HIGH,100,23.31,150.5
raquetas de tenis,Tenis,6600,HIGH,99,46.44,282.2
zapatillas adidas mujer urbanas,Calzado/ropa deportiva generica de marca (descartar - ultra competido),6600,HIGH,100,36.86,145.39
zapatilla negra,Calzado/ropa deportiva generica de marca (descartar - ultra competido),6600,HIGH,100,50.38,247.54
zapatillas chunky,Calzado/ropa deportiva generica de marca (descartar - ultra competido),6600,HIGH,100,58.54,352.37
palo de hockey,Hockey (cesped),6600,HIGH,96,33.94,223.89
nueva camiseta de argentina,Camisetas de clubes/selecciones,6600,MEDIUM,66,40.95,122.95
camiseta argentina 2006,Camisetas de clubes/selecciones,6600,HIGH,83,53.0,204.07
camisa nueva de argentina,Camisetas de clubes/selecciones,6600,MEDIUM,66,40.95,122.95
camiseta argentina selección,Camisetas de clubes/selecciones,6600,HIGH,100,41.13,166.21
camiseta selecciónargentina,Camisetas de clubes/selecciones,6600,HIGH,100,41.13,166.21
seleccion argentina camisa,Camisetas de clubes/selecciones,6600,HIGH,100,41.13,166.21
whey protein star nutrition,Suplementos,5400,HIGH,100,89.81,487.48
suplementos deportivos cerca de mi,Suplementos,5400,MEDIUM,58,107.72,424.18
zapatillas running,Indumentaria deportiva,5400,HIGH,100,53.01,265.21
zapatillas running hombre,Indumentaria deportiva,5400,HIGH,100,50.31,268.91
ropa deportiva mujer,Indumentaria deportiva,5400,HIGH,100,147.69,1114.04
buzo mujer,Indumentaria deportiva,5400,HIGH,100,100.96,769.29
conjunto adidas mujer,Indumentaria deportiva,5400,HIGH,100,41.91,148.65
indumentaria deportiva,Indumentaria deportiva,5400,HIGH,67,100.3,637.47
zapatillas hombre running,Indumentaria deportiva,5400,HIGH,100,50.31,268.91
zapatillas mujer salomon,Indumentaria deportiva,5400,HIGH,100,28.98,255.56
asic zapatillas mujer,Indumentaria deportiva,5400,HIGH,100,29.41,264.15
remeras adidas mujer,Indumentaria deportiva,5400,HIGH,100,42.05,146.83
nike remera,Indumentaria deportiva,5400,HIGH,100,31.42,227.8
botines de futbol,Futbol,5400,HIGH,100,37.92,226.36
botines umbro,Futbol,5400,HIGH,100,21.93,178.72
camiseta de la selección argentina,Futbol,5400,HIGH,97,24.14,132.16
camiseta de independiente,Futbol,5400,HIGH,100,84.66,9138.44
botines de messi,Futbol,5400,MEDIUM,63,44.73,131.71
camiseta de selección argentina,Futbol,5400,HIGH,97,24.14,132.16
camisetas de racing,Futbol,5400,HIGH,86,40.9,259.56
zapatillas blancas mujer,Calzado/ropa deportiva generica de marca (descartar - ultra competido),5400,HIGH,100,49.55,250.97
zapatillas converse mujer,Calzado/ropa deportiva generica de marca (descartar - ultra competido),5400,HIGH,100,27.16,182.77
zapatos nike,Calzado/ropa deportiva generica de marca (descartar - ultra competido),5400,HIGH,91,27.06,155.54
zapatillas asics mujer,Calzado/ropa deportiva generica de marca (descartar - ultra competido),5400,HIGH,100,29.41,264.15
zapatillas reebok hombre,Calzado/ropa deportiva generica de marca (descartar - ultra competido),5400,HIGH,100,22.78,149.45
zapatillas trekking mujer,Calzado/ropa deportiva generica de marca (descartar - ultra competido),5400,HIGH,100,63.17,457.86
zapatillas salomon mujer,Calzado/ropa deportiva generica de marca (descartar - ultra competido),5400,HIGH,100,28.98,255.56
zapatillas de hombre,Calzado/ropa deportiva generica de marca (descartar - ultra competido),5400,HIGH,100,45.31,244.54
vans zapatillas,Calzado/ropa deportiva generica de marca (descartar - ultra competido),5400,HIGH,100,36.77,210.61
reebok zapatillas,Calzado/ropa deportiva generica de marca (descartar - ultra competido),5400,HIGH,100,40.16,250.91
zapatillas dc hombre,Calzado/ropa deportiva generica de marca (descartar - ultra competido),5400,HIGH,100,33.67,212.43
zapatillas basquet,Calzado/ropa deportiva generica de marca (descartar - ultra competido),5400,HIGH,100,60.45,301.79
zapatillas adidas para mujer,Calzado/ropa deportiva generica de marca (descartar - ultra competido),5400,HIGH,100,30.73,145.29
zapatillas adidas negras,Calzado/ropa deportiva generica de marca (descartar - ultra competido),5400,HIGH,100,47.08,145.7
gola zapatillas,Calzado/ropa deportiva generica de marca (descartar - ultra competido),5400,HIGH,100,53.84,374.47
zapatillas hush puppies mujer,Calzado/ropa deportiva generica de marca (descartar - ultra competido),5400,HIGH,100,16.48,158.65
zapatillas superstar,Calzado/ropa deportiva generica de marca (descartar - ultra competido),5400,HIGH,100,51.6,150.29
zapatillas adidas de mujer,Calzado/ropa deportiva generica de marca (descartar - ultra competido),5400,HIGH,100,27.57,135.69
zapatillas puma de mujer,Calzado/ropa deportiva generica de marca (descartar - ultra competido),5400,HIGH,100,32.32,548.87
addnice zapatillas,Calzado/ropa deportiva generica de marca (descartar - ultra competido),5400,HIGH,100,33.21,234.6
zapas nike,Tenis,5400,HIGH,91,27.06,155.54
osiris zapatillas,Calzado/ropa deportiva generica de marca (descartar - ultra competido),5400,HIGH,100,34.02,176.81
zapatillas padel,Padel,5400,HIGH,100,91.32,341.29
pala padel,Padel,5400,HIGH,100,99.56,459.51
zapatos padel,Padel,5400,HIGH,100,91.32,341.29
zapatillashead,Calzado/ropa deportiva generica de marca (descartar - ultra competido),5400,HIGH,100,21.26,137.43
zapas basquet,Basquet,5400,HIGH,100,60.45,301.79
zapatillasbasquet,Basquet,5400,HIGH,100,60.45,301.79
bolsa de boxeo,Boxeo,5400,HIGH,100,19.14,222.59
camiseta san lorenzo,Camisetas de clubes/selecciones,5400,HIGH,100,64.85,699.25
adidas camiseta argentina,Camisetas de clubes/selecciones,5400,HIGH,100,27.58,131.71
camiseta argentina adidas,Camisetas de clubes/selecciones,5400,HIGH,100,27.58,131.71
remera river,Camisetas de clubes/selecciones,5400,HIGH,100,28.96,155.98
remera boca,Camisetas de clubes/selecciones,5400,HIGH,100,40.95,157.32
camiseta suplente argentina,Camisetas de clubes/selecciones,5400,HIGH,94,51.91,155.77
camiseta de racing,Camisetas de clubes/selecciones,5400,HIGH,86,40.9,259.56
adidas camisa argentina,Camisetas de clubes/selecciones,5400,HIGH,100,27.58,131.71
san lorenzo camiseta,Camisetas de clubes/selecciones,5400,HIGH,100,64.85,699.25
adidas camisetas argentina,Camisetas de clubes/selecciones,5400,HIGH,100,27.58,131.71
camisetas adidas argentina,Camisetas de clubes/selecciones,5400,HIGH,100,27.58,131.71
camisetas de selección argentina,Camisetas de clubes/selecciones,5400,HIGH,97,24.14,132.16
pre entreno,Suplementos,4400,HIGH,100,38.74,272.32
ena whey protein,Suplementos,4400,HIGH,100,71.48,389.32
pre entrenamiento,Suplementos,4400,HIGH,100,38.74,272.32
natural whey suplementos,Suplementos,4400,HIGH,92,67.24,445.48
proteina ena whey,Suplementos,4400,HIGH,100,71.48,389.32
proteina whey ena,Suplementos,4400,HIGH,100,71.48,389.32
sudaderas,Indumentaria deportiva,4400,MEDIUM,51,107.08,774.84
zapatillas new balance hombre,Indumentaria deportiva,4400,HIGH,100,19.95,144.67
buzo nike,Indumentaria deportiva,4400,HIGH,100,30.76,203.42
conjunto adidas hombre,Indumentaria deportiva,4400,HIGH,100,36.24,146.86
conjuntos deportivos,Indumentaria deportiva,4400,HIGH,100,72.02,658.36
zapatillas adidas blancas,Indumentaria deportiva,4400,HIGH,100,41.4,145.58
zapatillas on cloud,Indumentaria deportiva,4400,HIGH,100,61.04,329.09
pantalones nike,Indumentaria deportiva,4400,HIGH,100,34.12,212.01
pantalon adidas hombre,Indumentaria deportiva,4400,HIGH,100,40.95,157.88
on cloud zapatillas,Indumentaria deportiva,4400,HIGH,100,61.04,329.09
buzo puma,Indumentaria deportiva,4400,HIGH,100,60.0,188.72
mallas hombre,Indumentaria deportiva,4400,HIGH,100,134.1,760.84
conjuntos nike,Indumentaria deportiva,4400,HIGH,86,26.18,209.58
shorts deportivos mujer,Indumentaria deportiva,4400,HIGH,100,81.05,673.32
buzo jordan,Indumentaria deportiva,4400,HIGH,96,43.16,262.78
buzos adidas mujer,Indumentaria deportiva,4400,HIGH,100,41.23,149.14
nike pantalones,Indumentaria deportiva,4400,HIGH,100,34.12,212.01
dc zapatillas mujer,Indumentaria deportiva,4400,HIGH,100,25.08,156.13
buzos puma,Indumentaria deportiva,4400,HIGH,100,60.0,188.72
remera adidas hombre,Indumentaria deportiva,4400,HIGH,100,39.53,146.83
zapatillas hombre fila,Indumentaria deportiva,4400,HIGH,100,23.87,180.55
pantalón nike,Indumentaria deportiva,4400,HIGH,100,34.12,212.01
tallas de ropa,Indumentaria deportiva,4400,LOW,30,41.79,758.57
supernova w adidas,Indumentaria deportiva,4400,HIGH,100,51.12,126.6
nike conjuntos,Indumentaria deportiva,4400,HIGH,86,26.18,209.58
zapatillas sauconi,Indumentaria deportiva,4400,HIGH,100,47.28,463.38
conjuntos de portivos,Indumentaria deportiva,4400,HIGH,100,72.02,658.36
camisetas de futbol personalizadas,Futbol,4400,MEDIUM,59,56.14,219.38
botines nike mercurial,Futbol,4400,HIGH,100,31.74,150.48
botines de futsal,Futbol,4400,HIGH,100,45.21,236.5
botines predator,Futbol,4400,HIGH,82,47.61,131.08
liverpool camiseta,Futbol,4400,MEDIUM,50,50.8,300.48
remeras de futbol,Futbol,4400,MEDIUM,49,54.81,365.84
botines joma,Futbol,4400,HIGH,100,29.58,155.2
camiseta del liverpool,Futbol,4400,MEDIUM,50,50.8,300.48
arqueros de la selección argentina,Futbol,4400,LOW,22,5.48,10.01
botines adidas f50,Futbol,4400,HIGH,100,43.59,156.19
botines de futbol salon,Futbol,4400,HIGH,100,45.21,236.5
remera de boca nueva,Futbol,4400,HIGH,76,31.34,156.19
selección bélgica,Futbol,4400,LOW,1,2.31,213.63
pelotas de tenis,Tenis,4400,HIGH,77,27.19,284.01
zapatillas lacoste hombre,Calzado/ropa deportiva generica de marca (descartar - ultra competido),4400,HIGH,100,32.37,328.98
zapatillas negras mujer,Calzado/ropa deportiva generica de marca (descartar - ultra competido),4400,HIGH,100,45.59,253.6
zapatillas salomon hombre,Calzado/ropa deportiva generica de marca (descartar - ultra competido),4400,HIGH,100,30.95,323.44
zapatillas asics hombre,Calzado/ropa deportiva generica de marca (descartar - ultra competido),4400,HIGH,100,32.31,317.45
adidas terrex hombre,Tenis,4400,HIGH,100,50.11,198.63
zapatillas under armour,Calzado/ropa deportiva generica de marca (descartar - ultra competido),4400,HIGH,100,28.55,171.46
zapatillas nike air force,Calzado/ropa deportiva generica de marca (descartar - ultra competido),4400,HIGH,100,32.22,169.46
outlet zapatillas,Calzado/ropa deportiva generica de marca (descartar - ultra competido),4400,HIGH,100,45.61,208.58
zapatillas fila hombre,Calzado/ropa deportiva generica de marca (descartar - ultra competido),4400,HIGH,100,23.87,180.55
zapatillas trekking,Calzado/ropa deportiva generica de marca (descartar - ultra competido),4400,HIGH,100,67.61,443.66
zapatillas dc mujer,Calzado/ropa deportiva generica de marca (descartar - ultra competido),4400,HIGH,100,25.08,156.13
zapatillas saucony,Calzado/ropa deportiva generica de marca (descartar - ultra competido),4400,HIGH,100,47.28,463.38
new balance zapatillas hombre,Calzado/ropa deportiva generica de marca (descartar - ultra competido),4400,HIGH,100,19.95,144.67
pelota de tenis,Tenis,4400,HIGH,77,27.19,284.01
zapatillas nike air force one,Calzado/ropa deportiva generica de marca (descartar - ultra competido),4400,HIGH,100,32.22,169.46
zapatillas deportivas mujer adidas,Calzado/ropa deportiva generica de marca (descartar - ultra competido),4400,HIGH,100,26.51,137.6
zapatillas vapor,Calzado/ropa deportiva generica de marca (descartar - ultra competido),4400,LOW,17,53.5,158.06
zapatillas de padel,Padel,4400,HIGH,100,83.86,310.71
aro de basquet,Basquet,4400,HIGH,100,59.78,1002.5
aro de basquetbol,Basquet,4400,HIGH,100,59.78,1002.5
rodilleras voley,Voley,4400,HIGH,100,22.2,214.24
pelota de rugby,Rugby,4400,HIGH,79,25.56,193.65
antiparras natacion,Natacion,4400,HIGH,100,35.77,289.0
reel de pesca,Pesca,4400,HIGH,97,24.57,263.43
carpa para 4 personas,Trekking/Camping,4400,HIGH,100,32.48,314.56
zapatilla trekking,Trekking/Camping,4400,HIGH,100,67.61,443.66
camiseta original de argentina,Camisetas de clubes/selecciones,4400,HIGH,100,24.76,120.06
camiseta de boca original,Camisetas de clubes/selecciones,4400,HIGH,100,30.42,155.9
river camiseta,Camisetas de clubes/selecciones,4400,HIGH,75,20.31,155.77
camiseta argentina retro,Camisetas de clubes/selecciones,4400,HIGH,100,43.66,202.63
remera nueva de river,Camisetas de clubes/selecciones,4400,MEDIUM,65,20.69,156.05
camisetas retro argentina,Camisetas de clubes/selecciones,4400,HIGH,100,43.66,202.63
nueva remera de boca,Camisetas de clubes/selecciones,4400,HIGH,76,31.34,156.19
colageno para que sirve,Suplementos,3600,MEDIUM,50,14.91,587.81
centrum hombre,Suplementos,3600,HIGH,100,63.52,271.26
para q sirve el colageno,Suplementos,3600,MEDIUM,48,17.93,579.49
creatina star,Suplementos,3600,HIGH,100,57.7,358.7
para q sirve la creatina monohidratada,Suplementos,3600,MEDIUM,56,7.64,170.2
conjunto deportivo,Indumentaria deportiva,3600,HIGH,100,97.97,651.72
patagonia ropa,Indumentaria deportiva,3600,HIGH,100,104.74,863.35
top deportivo mujer,Indumentaria deportiva,3600,HIGH,100,100.07,748.13
adidas negras,Indumentaria deportiva,3600,HIGH,100,52.09,145.39
zapatillas adidas mujer running,Indumentaria deportiva,3600,HIGH,100,35.81,145.39
pantalon puma,Indumentaria deportiva,3600,HIGH,100,56.22,156.06
remeras puma,Indumentaria deportiva,3600,HIGH,100,51.68,141.69
deportivos adidas,Indumentaria deportiva,3600,HIGH,95,48.11,145.78
pantalón jogging,Indumentaria deportiva,3600,HIGH,100,75.9,475.29
canilleras,Futbol,3600,HIGH,96,31.34,221.45
canilleras de futbol,Futbol,3600,HIGH,100,23.15,169.31
camiseta del barcelona,Futbol,3600,LOW,29,28.33,178.93
camisetas del barça,Futbol,3600,LOW,29,28.33,178.93
botines umbro futsal,Futbol,3600,HIGH,100,29.49,277.4
camisetas del barcelona,Futbol,3600,LOW,29,28.33,178.93
botines adidas copa,Futbol,3600,HIGH,100,49.56,146.86
botines nike phantom,Futbol,3600,HIGH,100,32.97,175.61
camiseta del milan,Futbol,3600,MEDIUM,43,40.56,272.07
pumas borussia,Futbol,3600,HIGH,100,83.85,176.21
botin nike phantom,Futbol,3600,HIGH,100,32.97,175.61
zapatillas blancas hombre,Calzado/ropa deportiva generica de marca (descartar - ultra competido),3600,HIGH,100,46.12,245.22
zapatillas lacoste mujer,Calzado/ropa deportiva generica de marca (descartar - ultra competido),3600,HIGH,100,49.6,402.79
zapatillas nike blancas,Calzado/ropa deportiva generica de marca (descartar - ultra competido),3600,HIGH,99,29.44,152.33
zapatillas con ruedas,Calzado/ropa deportiva generica de marca (descartar - ultra competido),3600,HIGH,100,39.88,433.92
zapatillas nike jordan,Calzado/ropa deportiva generica de marca (descartar - ultra competido),3600,HIGH,100,26.69,159.81
zapatillas puma blancas,Calzado/ropa deportiva generica de marca (descartar - ultra competido),3600,HIGH,100,55.34,975.74
zapatillas adidas superstar,Calzado/ropa deportiva generica de marca (descartar - ultra competido),3600,HIGH,100,51.12,146.83
zapatillas head mujer,Calzado/ropa deportiva generica de marca (descartar - ultra competido),3600,HIGH,100,18.76,114.6
zapatillas montagne mujer,Calzado/ropa deportiva generica de marca (descartar - ultra competido),3600,HIGH,100,49.77,2157.31
zapatillas all star,Calzado/ropa deportiva generica de marca (descartar - ultra competido),3600,HIGH,100,39.2,248.42
ojotas nike hombre,Calzado/ropa deportiva generica de marca (descartar - ultra competido),3600,HIGH,100,31.94,210.94
zapatillas puma negras,Calzado/ropa deportiva generica de marca (descartar - ultra competido),3600,HIGH,100,56.37,1028.23
zapatillas adidas negras mujer,Calzado/ropa deportiva generica de marca (descartar - ultra competido),3600,HIGH,100,39.25,145.39
zapatillas deportivas nike,Calzado/ropa deportiva generica de marca (descartar - ultra competido),3600,HIGH,100,24.82,144.19
zapatillas adidas urbanas,Calzado/ropa deportiva generica de marca (descartar - ultra competido),3600,HIGH,100,43.64,145.78
vapor zapatillas,Calzado/ropa deportiva generica de marca (descartar - ultra competido),3600,LOW,22,74.81,245.04
zapatillas padel mujer,Padel,3600,HIGH,100,80.83,284.24
zapatillas de voley,Voley,3600,HIGH,100,28.78,247.54
carpas inflables,Trekking/Camping,3600,HIGH,100,42.94,450.16
adidas oficial argentina,Camisetas de clubes/selecciones,3600,HIGH,100,61.29,16302.15
camiseta de san lorenzo,Camisetas de clubes/selecciones,3600,HIGH,99,61.03,536.95
campera argentina adidas,Camisetas de clubes/selecciones,3600,HIGH,100,42.82,145.17
camiseta de sanlorenzo,Camisetas de clubes/selecciones,3600,HIGH,99,61.03,536.95
camiseta del milán,Camisetas de clubes/selecciones,3600,MEDIUM,43,40.56,272.07
creatina hcl,Suplementos,2900,HIGH,100,39.64,281.34
creatina micronizada,Suplementos,2900,HIGH,100,64.15,429.3
calzas deportivas,Indumentaria deportiva,2900,HIGH,100,155.2,960.63
adidas response,Indumentaria deportiva,2900,HIGH,100,44.32,221.33
adidas samba hombre,Indumentaria deportiva,2900,HIGH,100,60.5,246.97
zapatillas hoka,Indumentaria deportiva,2900,HIGH,100,32.21,211.75
zapatillas para correr,Indumentaria deportiva,2900,HIGH,100,40.9,203.25
buzo adidas hombre,Indumentaria deportiva,2900,HIGH,100,44.31,199.34
zapatillas brooks,Indumentaria deportiva,2900,HIGH,100,27.37,220.43
pantalon deportivo hombre,Indumentaria deportiva,2900,HIGH,100,66.69,519.13
zapatillas adidas running,Indumentaria deportiva,2900,HIGH,100,40.53,145.39
zapatillas adidas hombre running,Indumentaria deportiva,2900,HIGH,100,39.12,145.58
zapatillas puma bmw,Indumentaria deportiva,2900,HIGH,100,65.3,1031.12
brooks zapatillas,Indumentaria deportiva,2900,HIGH,100,27.37,220.43
buzos adidas hombre,Indumentaria deportiva,2900,HIGH,100,44.31,199.34
pantalones deportivos,Indumentaria deportiva,2900,HIGH,100,84.76,577.72
zapatillas adidas running hombre,Indumentaria deportiva,2900,HIGH,100,39.12,145.58
pantalon deportivo,Indumentaria deportiva,2900,HIGH,100,84.76,577.72
zapatillas running hombre adidas,Indumentaria deportiva,2900,HIGH,100,39.12,145.58
remera seleccion argentina,Indumentaria deportiva,2900,HIGH,100,36.7,155.2
mallas de natacion,Indumentaria deportiva,2900,HIGH,100,51.56,311.05
mallas natacion mujer,Indumentaria deportiva,2900,HIGH,100,52.04,338.28
zapatillas nike con camara de aire,Indumentaria deportiva,2900,HIGH,73,25.29,125.28
conjunto nike tech,Indumentaria deportiva,2900,MEDIUM,50,26.83,286.74
remera de la selección argentina,Indumentaria deportiva,2900,HIGH,100,22.67,124.49
conjuntos puma,Indumentaria deportiva,2900,HIGH,100,49.7,311.83
adidas terrex zapatillas,Indumentaria deportiva,2900,HIGH,100,54.87,164.15
remera básica,Indumentaria deportiva,2900,HIGH,100,160.62,862.78
seleccion argentina remeras,Indumentaria deportiva,2900,HIGH,100,36.7,155.2
botines futbol 11,Futbol,2900,HIGH,100,41.15,186.27
camiseta boca juniors,Futbol,2900,HIGH,99,46.26,174.78
botines nike tiempo,Futbol,2900,HIGH,100,27.2,143.13
camiseta bayern munich,Futbol,2900,MEDIUM,37,104.45,258.94
camiseta river plate,Futbol,2900,HIGH,100,31.24,157.32
botines futsal nike,Futbol,2900,HIGH,100,22.61,159.82
botines messi,Futbol,2900,HIGH,89,50.43,155.77
boca juniors camiseta,Futbol,2900,HIGH,99,46.26,174.78
camiseta rosario central,Futbol,2900,HIGH,68,26.97,155.77
camiseta del bayern munich,Futbol,2900,MEDIUM,37,104.45,258.94
bayern munich camiseta,Futbol,2900,MEDIUM,37,104.45,258.94
botines joma futsal,Futbol,2900,HIGH,100,28.44,172.1
camisetas boca juniors,Futbol,2900,HIGH,99,46.26,174.78
remera river plate,Futbol,2900,HIGH,100,31.24,157.32
rosario central camiseta,Futbol,2900,HIGH,68,26.97,155.77
nueva camiseta river,Futbol,2900,HIGH,68,28.0,156.72
botin messi,Futbol,2900,HIGH,89,50.43,155.77
nike futsal botines,Futbol,2900,HIGH,100,22.61,159.82
remera del barca,Futbol,2900,MEDIUM,40,29.93,222.74
remeras del barcelona,Futbol,2900,MEDIUM,40,29.93,222.74
adidas gazelle mujer,Tenis,2900,HIGH,100,51.0,145.7
botas nike,Tenis,2900,HIGH,91,26.11,140.63
zapatillas de vestir hombre,Calzado/ropa deportiva generica de marca (descartar - ultra competido),2900,HIGH,100,61.87,392.34
zapatillas nike negras,Calzado/ropa deportiva generica de marca (descartar - ultra competido),2900,HIGH,100,32.61,175.83
zapatillas de trekking,Calzado/ropa deportiva generica de marca (descartar - ultra competido),2900,HIGH,100,54.03,390.52
nike bota,Tenis,2900,HIGH,91,26.11,140.63
zapatillas air force,Calzado/ropa deportiva generica de marca (descartar - ultra competido),2900,HIGH,96,30.57,145.63
zapatillas kappa,Calzado/ropa deportiva generica de marca (descartar - ultra competido),2900,HIGH,100,27.94,204.6
zapatillas montagne hombre,Calzado/ropa deportiva generica de marca (descartar - ultra competido),2900,HIGH,100,59.9,2186.77
zapatillas adidas terrex,Calzado/ropa deportiva generica de marca (descartar - ultra competido),2900,HIGH,100,54.87,164.15
zapatillas bad bunny,Calzado/ropa deportiva generica de marca (descartar - ultra competido),2900,LOW,29,35.34,175.13
hush puppies zapatillas,Calzado/ropa deportiva generica de marca (descartar - ultra competido),2900,HIGH,100,19.36,225.75
zapatillas adidas mujer ultimos modelos,Calzado/ropa deportiva generica de marca (descartar - ultra competido),2900,HIGH,100,29.53,145.0
zapatillas deportivas puma,Calzado/ropa deportiva generica de marca (descartar - ultra competido),2900,HIGH,100,41.37,769.24
zapatillas bota,Calzado/ropa deportiva generica de marca (descartar - ultra competido),2900,HIGH,100,51.12,318.92
zapatillas adidas padel,Padel,2900,HIGH,100,73.94,250.26
paleta bullpadel,Padel,2900,HIGH,100,56.02,257.46
paletas bullpadel,Padel,2900,HIGH,100,56.02,257.46
adidaspadel,Padel,2900,HIGH,100,56.16,315.82
pelota voley,Voley,2900,HIGH,93,24.2,230.25
voley pelota,Voley,2900,HIGH,93,24.2,230.25
luces para bicicleta,Ciclismo (accesorios),2900,HIGH,100,16.74,250.81
casco para bicicleta,Ciclismo (accesorios),2900,HIGH,100,28.45,296.16
luz para bicicleta,Ciclismo (accesorios),2900,HIGH,100,16.74,250.81
casco para bici,Ciclismo (accesorios),2900,HIGH,100,28.45,296.16
luces para bici,Ciclismo (accesorios),2900,HIGH,100,16.74,250.81
luz para bici,Ciclismo (accesorios),2900,HIGH,100,16.74,250.81
casco para la bicicleta,Ciclismo (accesorios),2900,HIGH,100,28.45,296.16
vendas de boxeo,Boxeo,2900,HIGH,100,16.17,206.87
vendas de boxeador,Boxeo,2900,HIGH,100,16.17,206.87
reel rotativo,Pesca,2900,HIGH,99,21.35,304.76
carpas para camping,Trekking/Camping,2900,HIGH,100,31.65,347.48
carpa para camper,Trekking/Camping,2900,HIGH,100,31.65,347.48
camiseta racing,Camisetas de clubes/selecciones,2900,HIGH,99,59.09,438.51
camiseta barcelona,Camisetas de clubes/selecciones,2900,MEDIUM,66,41.78,240.79
camiseta argentina 2022,Camisetas de clubes/selecciones,2900,MEDIUM,65,40.73,184.21
camiseta barça,Camisetas de clubes/selecciones,2900,MEDIUM,66,41.78,240.79
camiseta entrenamiento argentina,Camisetas de clubes/selecciones,2900,HIGH,100,41.26,155.77
camiseta de river original,Camisetas de clubes/selecciones,2900,HIGH,100,20.76,155.77
camisetas argentina 2022,Camisetas de clubes/selecciones,2900,MEDIUM,65,40.73,184.21
camiseta argentina azul,Camisetas de clubes/selecciones,2900,HIGH,92,48.53,141.4
remera barcelona,Camisetas de clubes/selecciones,2900,MEDIUM,40,29.93,222.74
camiseta river nueva,Camisetas de clubes/selecciones,2900,HIGH,68,28.0,156.72
barcelona remera,Camisetas de clubes/selecciones,2900,MEDIUM,40,29.93,222.74
boca camiseta nueva,Camisetas de clubes/selecciones,2900,HIGH,71,42.49,199.26
boca jr camisa,Camisetas de clubes/selecciones,2900,HIGH,99,46.26,174.78
remera barca,Camisetas de clubes/selecciones,2900,MEDIUM,40,29.93,222.74
remeras barcelona,Camisetas de clubes/selecciones,2900,MEDIUM,40,29.93,222.74
remeras selección argentina,Camisetas de clubes/selecciones,2900,HIGH,100,36.7,155.2
river plate remera,Camisetas de clubes/selecciones,2900,HIGH,100,31.24,157.32
selección argentina remera,Camisetas de clubes/selecciones,2900,HIGH,100,36.7,155.2
creatina precio,Suplementos,2400,HIGH,100,24.14,233.98
proteina con creatina,Suplementos,2400,HIGH,100,63.29,398.29
proteina y creatina,Suplementos,2400,HIGH,100,63.29,398.29
creatina y proteina,Suplementos,2400,HIGH,100,63.29,398.29
ultraflex colageno,Suplementos,2400,HIGH,100,50.14,239.05
vitamina para el cansancio,Suplementos,2400,HIGH,100,97.96,336.92
creatina proteina,Suplementos,2400,HIGH,100,63.29,398.29
engorda la creatina,Suplementos,2400,LOW,26,4.13,41.43
ropa deportiva por mayor,Indumentaria deportiva,2400,HIGH,100,190.03,1167.09
shorts deportivos hombre,Indumentaria deportiva,2400,HIGH,100,72.76,511.75
zapatillas hombre negra,Indumentaria deportiva,2400,HIGH,100,51.92,287.87
remeras hombre nike,Indumentaria deportiva,2400,HIGH,100,35.6,249.94
camisetas futbol,Futbol,2400,HIGH,82,45.48,400.66
camiseta futbol,Futbol,2400,HIGH,82,45.48,400.66
botines puma borussia,Futbol,2400,HIGH,100,60.93,178.88
camiseta arsenal,Futbol,2400,MEDIUM,37,54.91,269.33
botines puma future,Futbol,2400,HIGH,100,65.03,145.44
camiseta inter de milan,Futbol,2400,MEDIUM,42,29.34,163.54
manchester united camiseta,Futbol,2400,MEDIUM,53,50.66,167.47
adidas predator botines,Futbol,2400,HIGH,100,40.74,147.76
camiseta del psg,Futbol,2400,MEDIUM,49,44.09,184.39
camisetas psg,Futbol,2400,MEDIUM,49,44.09,184.39
camiseta del inter de milan,Futbol,2400,MEDIUM,42,29.34,163.54
camiseta del paris saint germain,Futbol,2400,MEDIUM,49,44.09,184.39
camisetas del arsenal,Futbol,2400,MEDIUM,37,54.91,269.33
camiseta del inter de milán,Futbol,2400,MEDIUM,42,29.34,163.54
camiseta de inter de milan,Futbol,2400,MEDIUM,42,29.34,163.54
camisa del parís saint germain,Futbol,2400,MEDIUM,49,44.09,184.39
pelota mundial 2014,Futbol,2400,LOW,10,47.18,228.7
botín puma future,Futbol,2400,HIGH,100,65.03,145.44
camiseta alemana,Futbol,2400,MEDIUM,58,54.24,257.46
zapatillas de tenis,Tenis,2400,HIGH,100,76.15,367.16
zapatillas trekking hombre,Calzado/ropa deportiva generica de marca (descartar - ultra competido),2400,HIGH,100,63.91,442.32
zapatillas crossfit,Calzado/ropa deportiva generica de marca (descartar - ultra competido),2400,HIGH,100,63.66,308.76
zapatillas plataforma mujer,Calzado/ropa deportiva generica de marca (descartar - ultra competido),2400,HIGH,100,56.5,474.56
zapatillas hombre oferta,Calzado/ropa deportiva generica de marca (descartar - ultra competido),2400,HIGH,100,41.4,230.22
zapatillas nike para mujer,Calzado/ropa deportiva generica de marca (descartar - ultra competido),2400,HIGH,100,20.35,111.4
zapatillas para hombre,Calzado/ropa deportiva generica de marca (descartar - ultra competido),2400,HIGH,100,44.21,380.13
zapatillas con plataforma,Calzado/ropa deportiva generica de marca (descartar - ultra competido),2400,HIGH,100,61.42,434.11
zapatillas voley mujer,Calzado/ropa deportiva generica de marca (descartar - ultra competido),2400,HIGH,100,28.63,259.4
zapatillas barefoot,Calzado/ropa deportiva generica de marca (descartar - ultra competido),2400,HIGH,100,94.77,639.64
zapatillas cat hombre,Calzado/ropa deportiva generica de marca (descartar - ultra competido),2400,HIGH,100,26.41,247.35
zapatillas voley,Calzado/ropa deportiva generica de marca (descartar - ultra competido),2400,HIGH,100,30.22,229.99
zapatillas air max,Calzado/ropa deportiva generica de marca (descartar - ultra competido),2400,HIGH,100,31.69,157.26
zapatillas hombre negras,Calzado/ropa deportiva generica de marca (descartar - ultra competido),2400,HIGH,100,51.92,287.87
zapatillas caterpillar hombre,Calzado/ropa deportiva generica de marca (descartar - ultra competido),2400,HIGH,100,26.41,247.35
zapatillas adidas blancas mujer,Calzado/ropa deportiva generica de marca (descartar - ultra competido),2400,HIGH,100,35.17,145.39
zapatillas head hombre,Calzado/ropa deportiva generica de marca (descartar - ultra competido),2400,HIGH,100,20.63,122.63
zapatillas circa,Calzado/ropa deportiva generica de marca (descartar - ultra competido),2400,HIGH,100,35.23,249.44
zapatillas puma ferrari,Calzado/ropa deportiva generica de marca (descartar - ultra competido),2400,HIGH,100,50.62,932.85
zapatillas para voley,Calzado/ropa deportiva generica de marca (descartar - ultra competido),2400,HIGH,100,26.93,196.94
zapatillas adidas samba mujer,Calzado/ropa deportiva generica de marca (descartar - ultra competido),2400,HIGH,100,51.12,150.15
zapatillas air,Calzado/ropa deportiva generica de marca (descartar - ultra competido),2400,MEDIUM,55,32.58,225.02
zapatillas olympikus,Calzado/ropa deportiva generica de marca (descartar - ultra competido),2400,HIGH,100,25.83,157.37
zapatillas adidas hombre urbanas,Calzado/ropa deportiva generica de marca (descartar - ultra competido),2400,HIGH,100,44.89,146.83
zapatillas puma mujer urbanas,Calzado/ropa deportiva generica de marca (descartar - ultra competido),2400,HIGH,100,37.26,586.01
zapatillas bota mujer,Calzado/ropa deportiva generica de marca (descartar - ultra competido),2400,HIGH,100,50.04,434.95
zapatillas deportivas mujer nike,Calzado/ropa deportiva generica de marca (descartar - ultra competido),2400,HIGH,100,24.6,132.8
circa zapatillas,Calzado/ropa deportiva generica de marca (descartar - ultra competido),2400,HIGH,100,35.23,249.44
raqueta,Tenis,2400,MEDIUM,49,60.49,311.84
zapatillas de basquet nike,Calzado/ropa deportiva generica de marca (descartar - ultra competido),2400,HIGH,100,31.36,147.09
zapatillas 2x1,Calzado/ropa deportiva generica de marca (descartar - ultra competido),2400,HIGH,100,57.31,270.98
zapatillas con camara de aire,Calzado/ropa deportiva generica de marca (descartar - ultra competido),2400,HIGH,100,33.68,216.18
zapatillas anchas,Calzado/ropa deportiva generica de marca (descartar - ultra competido),2400,HIGH,88,67.99,435.75
zapatilla nike air,Calzado/ropa deportiva generica de marca (descartar - ultra competido),2400,HIGH,93,36.32,169.13
zapatillas padel hombre,Padel,2400,HIGH,100,103.03,387.41
zapas de basquet nike,Basquet,2400,HIGH,100,31.36,147.09
zapatillas volleyball mujer,Voley,2400,HIGH,100,28.63,259.4
zapatillas para volleyball,Voley,2400,HIGH,100,26.93,196.94
casco bicicleta,Ciclismo (accesorios),2400,HIGH,100,42.73,312.34
casco de bicicleta,Ciclismo (accesorios),2400,HIGH,100,26.74,284.41
cascos bici,Ciclismo (accesorios),2400,HIGH,100,42.73,312.34
cascos de bici,Ciclismo (accesorios),2400,HIGH,100,26.74,284.41
bucal protector,Boxeo,2400,HIGH,99,17.96,152.26
anzuelos,Pesca,2400,MEDIUM,45,23.99,242.41
señuelos de pesca,Pesca,2400,HIGH,100,26.9,520.1
señuelos,Pesca,2400,MEDIUM,59,30.65,539.56
gazebos 3x3 plegables,Trekking/Camping,2400,HIGH,100,59.17,327.54
camiseta real madrid,Camisetas de clubes/selecciones,2400,MEDIUM,63,42.97,227.21
camisetas argentina 3 estrellas,Camisetas de clubes/selecciones,2400,HIGH,100,41.13,193.59
camiseta argentina 1994,Camisetas de clubes/selecciones,2400,MEDIUM,39,39.98,184.26
boca 2001 camiseta,Camisetas de clubes/selecciones,2400,MEDIUM,37,57.19,163.67
colageno en polvo,Suplementos,1900,HIGH,100,41.29,541.37
creatina gold nutrition,Suplementos,1900,HIGH,100,40.46,386.49
gold nutrition creatina,Suplementos,1900,HIGH,100,40.46,386.49
star nutrition creatina,Suplementos,1900,HIGH,100,78.71,394.34
creatina one fit,Suplementos,1900,HIGH,100,35.32,288.51
creatina p,Suplementos,1900,LOW,33,6.53,128.47
creatina para,Suplementos,1900,LOW,33,6.53,128.47
zapatillas nike mujer running,Indumentaria deportiva,1900,HIGH,100,28.44,162.85
zapatillas nike running,Indumentaria deportiva,1900,HIGH,100,31.25,181.7
buzo nike hombre,Indumentaria deportiva,1900,HIGH,100,35.74,232.69
pantalon nike hombre,Indumentaria deportiva,1900,HIGH,100,37.32,217.71
pantalon deportivo mujer,Indumentaria deportiva,1900,HIGH,100,80.69,661.51
remeras deportivas mujer,Indumentaria deportiva,1900,HIGH,100,107.65,1146.93
conjunto jordan hombre,Indumentaria deportiva,1900,MEDIUM,58,37.32,339.81
buzo river,Indumentaria deportiva,1900,HIGH,100,39.98,160.32
zapatillas vapormax,Indumentaria deportiva,1900,LOW,24,34.52,157.66
shorts de futbol,Indumentaria deportiva,1900,HIGH,100,48.92,312.24
bambas nike running,Indumentaria deportiva,1900,HIGH,100,31.25,181.7
conjuntos de futbol,Indumentaria deportiva,1900,LOW,21,63.46,253.67
remera deporte,Indumentaria deportiva,1900,HIGH,100,123.73,968.83
zapatillas resortes,Indumentaria deportiva,1900,MEDIUM,48,41.51,231.09
medias de futbol,Futbol,1900,HIGH,99,34.17,330.65
camisetas retro futbol,Futbol,1900,HIGH,82,37.47,337.74
pelota mundial 2022,Futbol,1900,MEDIUM,36,31.31,156.19
camisetas futbol retro,Futbol,1900,HIGH,82,37.47,337.74
botines futbol,Futbol,1900,HIGH,100,42.86,261.81
botines borussia,Futbol,1900,HIGH,100,101.31,285.97
camiseta de boca juniors,Futbol,1900,HIGH,71,32.14,156.19
botines futbol 5 adidas,Futbol,1900,HIGH,100,31.74,146.71
camiseta retro futbol,Futbol,1900,HIGH,82,37.47,337.74
botines futsal adidas,Futbol,1900,HIGH,100,40.69,150.99
camisetas de boca juniors,Futbol,1900,HIGH,71,32.14,156.19
predator botines,Futbol,1900,MEDIUM,63,40.53,109.6
botines f50 adidas,Futbol,1900,HIGH,100,37.05,161.83
f50 botines,Futbol,1900,HIGH,87,40.69,155.77
pelota del mundial 2006,Futbol,1900,LOW,6,33.04,284.66
pelotas mundial 2022,Futbol,1900,MEDIUM,36,31.31,156.19
remeras de independiente,Futbol,1900,HIGH,100,74.59,5640.94
selección holanda,Futbol,1900,LOW,1,7.71,234.36
cyber monday zapatillas,Calzado/ropa deportiva generica de marca (descartar - ultra competido),1900,HIGH,100,155.77,245.58
zapatillas converse hombre,Calzado/ropa deportiva generica de marca (descartar - ultra competido),1900,HIGH,100,27.95,208.96
zapatillas para mujer,Calzado/ropa deportiva generica de marca (descartar - ultra competido),1900,HIGH,100,36.01,339.66
zapatillas tenis,Tenis,1900,HIGH,100,73.21,377.58
zapatillas bebe,Calzado/ropa deportiva generica de marca (descartar - ultra competido),1900,HIGH,100,62.01,354.69
zapatillas under armour mujer,Calzado/ropa deportiva generica de marca (descartar - ultra competido),1900,HIGH,100,23.02,153.97
zapatillas de vestir mujer,Calzado/ropa deportiva generica de marca (descartar - ultra competido),1900,HIGH,100,58.7,323.54
zapatillas cat,Calzado/ropa deportiva generica de marca (descartar - ultra competido),1900,HIGH,100,19.76,210.48
zapatillas urbanas mujer vestir,Calzado/ropa deportiva generica de marca (descartar - ultra competido),1900,HIGH,100,61.58,280.89
zapatillas training mujer,Calzado/ropa deportiva generica de marca (descartar - ultra competido),1900,HIGH,100,47.57,261.18
paleta adidas,Padel,1900,HIGH,100,70.99,279.56
pelota basquet,Basquet,1900,HIGH,90,40.13,344.14
red de voley,Voley,1900,HIGH,100,36.07,492.14
guantes boxeo,Boxeo,1900,HIGH,100,32.47,323.42
gorro de natacion,Natacion,1900,HIGH,100,22.46,154.21
ril de pesca,Pesca,1900,HIGH,97,14.13,148.01
náutica el anzuelo,Pesca,1900,LOW,12,65.85,262.75
bastones de trekking,Trekking/Camping,1900,HIGH,100,57.26,470.75
mochila trekking,Trekking/Camping,1900,HIGH,100,80.83,517.62
carpa para 6 personas,Trekking/Camping,1900,HIGH,100,28.68,271.35
baston de trekking,Trekking/Camping,1900,HIGH,100,57.26,470.75
trekking mochilas,Trekking/Camping,1900,HIGH,100,80.83,517.62
trekkinn mochilas,Trekking/Camping,1900,HIGH,100,80.83,517.62
camiseta del real madrid,Camisetas de clubes/selecciones,1900,LOW,33,26.77,191.53
camiseta argentina mujer,Camisetas de clubes/selecciones,1900,HIGH,100,43.01,211.98
camiseta argentina original,Camisetas de clubes/selecciones,1900,HIGH,100,26.64,135.72
adidas river plate,Camisetas de clubes/selecciones,1900,HIGH,100,22.69,145.39
barcelona camiseta,Camisetas de clubes/selecciones,1900,LOW,28,37.56,224.44
remera original de argentina,Camisetas de clubes/selecciones,1900,HIGH,100,22.76,135.72
camiseta de entrenamiento de argentina,Camisetas de clubes/selecciones,1900,HIGH,75,36.03,155.2
remera de independiente,Camisetas de clubes/selecciones,1900,HIGH,100,74.59,5640.94
camiseta de boca blanca,Camisetas de clubes/selecciones,1900,MEDIUM,55,46.41,157.35
camisa argentina mujer,Camisetas de clubes/selecciones,1900,HIGH,100,43.01,211.98
camiseta de san lorenzo nueva,Camisetas de clubes/selecciones,1900,HIGH,100,69.9,466.16
escudos de la selección argentina,Camisetas de clubes/selecciones,1900,LOW,10,8.45,45.02
quemador de grasa natural,Suplementos,1600,HIGH,100,43.66,400.78
vitaminas supradyn,Suplementos,1600,HIGH,100,50.7,580.05
creatina monohidrato micronizada,Suplementos,1600,HIGH,100,70.21,458.37
para q sirve la creatina en mujeres,Suplementos,1600,MEDIUM,41,5.37,103.83
ropa deportiva hombre,Indumentaria deportiva,1600,HIGH,100,127.36,962.13
conjunto nike hombre,Indumentaria deportiva,1600,HIGH,100,25.67,211.89
zapatillas de running,Indumentaria deportiva,1600,HIGH,100,45.13,236.99
buzo puma hombre,Indumentaria deportiva,1600,HIGH,100,54.34,146.62
i run zapatillas,Indumentaria deportiva,1600,HIGH,98,17.61,158.64
marcas de ropa deportiva,Indumentaria deportiva,1600,HIGH,67,103.93,588.64
mayorista ropa deportiva,Indumentaria deportiva,1600,HIGH,100,194.96,965.55
jordan ropa,Indumentaria deportiva,1600,HIGH,79,28.65,263.06
remeras lacoste,Indumentaria deportiva,1600,HIGH,100,74.81,772.1
zapatillas 361,Indumentaria deportiva,1600,HIGH,100,33.56,200.67
buzo vans,Indumentaria deportiva,1600,HIGH,100,56.89,472.74
pantalon jogging mujer,Indumentaria deportiva,1600,HIGH,100,78.32,732.48
pantalón puma hombre,Indumentaria deportiva,1600,HIGH,100,52.21,145.23
nike zapatillas mujer blancas,Indumentaria deportiva,1600,HIGH,100,28.13,157.72
buzos vans,Indumentaria deportiva,1600,HIGH,100,56.89,472.74
nike con resortes,Indumentaria deportiva,1600,MEDIUM,61,30.01,171.9
vans remeras,Indumentaria deportiva,1600,HIGH,100,58.69,563.46
pumas nitro,Indumentaria deportiva,1600,HIGH,100,74.81,1345.76
buzos boca,Indumentaria deportiva,1600,HIGH,100,45.44,191.09
zapatillas con resorte nike,Indumentaria deportiva,1600,MEDIUM,51,28.67,167.27
camiseta de messi,Futbol,1600,HIGH,68,44.11,156.05
camisetas de futbol retro,Futbol,1600,MEDIUM,59,39.22,329.18
camiseta inter de miami,Futbol,1600,HIGH,73,43.9,247.96
botines de futbol 5,Futbol,1600,HIGH,100,31.69,184.26
botines de futbol 11,Futbol,1600,HIGH,99,32.76,167.46
pelota adidas,Futbol,1600,HIGH,100,31.15,145.39
adidas seleccion argentina,Futbol,1600,HIGH,100,13.25,84.82
camisetas de messi,Futbol,1600,HIGH,68,44.11,156.05
botines f5,Futbol,1600,HIGH,100,40.6,169.41
botines futbol 5 nike,Futbol,1600,HIGH,100,29.28,176.39
camiseta de barcelona,Futbol,1600,LOW,30,33.86,201.52
camisetas retro de futbol,Futbol,1600,MEDIUM,59,39.22,329.18
camiseta del chelsea,Futbol,1600,LOW,24,23.92,125.94
pelota puma,Futbol,1600,HIGH,100,52.29,505.67
remera independiente,Futbol,1600,HIGH,99,82.63,12351.95
borussia dortmund camiseta,Futbol,1600,MEDIUM,42,49.51,238.29
camiseta de arquero,Futbol,1600,MEDIUM,42,46.83,217.63
napoli camiseta,Futbol,1600,MEDIUM,40,34.95,214.19
modelos de camisetas de futbol,Futbol,1600,LOW,17,60.79,157.32
camiseta del tottenham,Futbol,1600,MEDIUM,42,39.94,211.0
seleccion argentina adidas,Futbol,1600,HIGH,100,13.25,84.82
camiseta del napoli,Futbol,1600,MEDIUM,40,34.95,214.19
camisetas del chelsea,Futbol,1600,LOW,24,23.92,125.94
camiseta del borussia dortmund,Futbol,1600,MEDIUM,42,49.51,238.29
botin f5,Futbol,1600,HIGH,100,40.6,169.41
botin sacachispas,Futbol,1600,LOW,9,17.51,104.45
camiseta del torino,Futbol,1600,LOW,8,37.76,195.74
camisetas de chacarita,Futbol,1600,MEDIUM,52,47.26,445.44
la nueva camiseta de boca,Futbol,1600,LOW,26,15.76,78.63
pelota de futbol en png,Futbol,1600,LOW,0,0.0,0.0
remeras nfl,Futbol,1600,HIGH,88,40.72,280.97
selección de fútbol de camerún,Futbol,1600,LOW,0,0.0,0.0
zapatillas de padel hombre,Padel,1600,HIGH,100,88.28,385.2
zapatillas de padel mujer,Padel,1600,HIGH,100,72.82,270.03
zapatillas padel asics,Padel,1600,HIGH,100,71.38,392.7
zapatillas para padel,Padel,1600,HIGH,100,66.41,269.56
pala de padel adidas,Padel,1600,HIGH,100,63.36,259.24
paleta nox,Padel,1600,HIGH,100,66.45,339.44
zapatillas asic padel,Padel,1600,HIGH,100,71.38,392.7
zapatillas basquet nike,Basquet,1600,HIGH,100,39.96,200.95
zapas basquet nike,Basquet,1600,HIGH,100,39.96,200.95
zapatillas de voley mujer,Voley,1600,HIGH,100,27.8,254.36
zapatilla de voley mujer,Voley,1600,HIGH,100,27.8,254.36
cinta caminadora electrica,Atletismo/Running,1600,HIGH,100,163.52,3169.9
canilleras hockey,Hockey (cesped),1600,HIGH,100,42.49,319.25
hockey canilleras,Hockey (cesped),1600,HIGH,100,42.49,319.25
botines de rugby,Rugby,1600,HIGH,100,40.73,166.89
botines rugby,Rugby,1600,HIGH,100,48.94,166.35
saco pie boxeo,Boxeo,1600,HIGH,97,16.52,254.36
caja de pesca,Pesca,1600,HIGH,100,26.27,358.64
carretes,Pesca,1600,LOW,4,33.34,733.17
reel huevito,Pesca,1600,HIGH,100,16.99,208.79
caja de pescadores,Pesca,1600,HIGH,100,26.27,358.64
carpas para playa,Trekking/Camping,1600,HIGH,100,44.39,349.32
carpa para 2 personas,Trekking/Camping,1600,HIGH,100,24.42,254.36
carpa canadiense,Trekking/Camping,1600,HIGH,87,35.9,251.99
bolsa de dormir de bebe,Trekking/Camping,1600,HIGH,100,86.39,586.13
carpa para 2 persona,Trekking/Camping,1600,HIGH,100,24.42,254.36
real madrid camiseta,Camisetas de clubes/selecciones,1600,MEDIUM,39,38.34,208.04
adidas boca juniors,Camisetas de clubes/selecciones,1600,HIGH,100,32.94,149.47
remera entrenamiento argentina,Camisetas de clubes/selecciones,1600,HIGH,100,40.96,156.19
remera de boca original,Camisetas de clubes/selecciones,1600,HIGH,99,27.0,155.77
remera argentina mujer,Camisetas de clubes/selecciones,1600,HIGH,100,48.38,300.43
la nueva camiseta de argentina,Camisetas de clubes/selecciones,1600,LOW,31,20.79,99.61
remera san lorenzo,Camisetas de clubes/selecciones,1600,HIGH,100,78.4,648.63
ultima camiseta de boca,Camisetas de clubes/selecciones,1600,HIGH,78,30.67,155.77
racing camiseta,Camisetas de clubes/selecciones,1600,HIGH,73,59.52,294.2
camiseta azul de argentina,Camisetas de clubes/selecciones,1600,HIGH,70,38.42,135.59
remera de racing,Camisetas de clubes/selecciones,1600,HIGH,87,39.66,225.56
camiseta argentina 2014,Camisetas de clubes/selecciones,1600,LOW,19,37.67,290.27
remera real madrid,Camisetas de clubes/selecciones,1600,MEDIUM,52,33.25,187.66
atletico madrid camiseta,Camisetas de clubes/selecciones,1600,HIGH,70,48.87,230.58
camiseta de argentina alternativa,Camisetas de clubes/selecciones,1600,HIGH,76,43.16,135.72
camiseta de barça,Camisetas de clubes/selecciones,1600,LOW,30,33.86,201.52
camiseta suplente de argentina,Camisetas de clubes/selecciones,1600,HIGH,70,40.95,135.72
camiseta argentina manga larga,Camisetas de clubes/selecciones,1600,HIGH,100,40.9,198.26
adidas boca jr,Camisetas de clubes/selecciones,1600,HIGH,100,32.94,149.47
atlético madrid camiseta,Camisetas de clubes/selecciones,1600,HIGH,70,48.87,230.58
camiseta argentina 2010,Camisetas de clubes/selecciones,1600,LOW,20,31.91,229.02
camiseta de boca retro,Camisetas de clubes/selecciones,1600,MEDIUM,64,26.43,156.19
camiseta river violeta,Camisetas de clubes/selecciones,1600,MEDIUM,66,55.27,195.21
la camiseta nueva de river,Camisetas de clubes/selecciones,1600,LOW,29,9.42,75.46
remera del real madrid,Camisetas de clubes/selecciones,1600,MEDIUM,52,33.25,187.66
colageno con magnesio,Suplementos,1300,HIGH,100,52.05,461.08
proteina whey isolate,Suplementos,1300,HIGH,100,78.96,409.05
proteina isolate whey,Suplementos,1300,HIGH,100,78.96,409.05
curflex precio,Suplementos,1300,HIGH,100,19.02,167.79
quelat multivitaminico,Suplementos,1300,HIGH,100,43.86,248.39
para q sirve el colageno hidrolizado,Suplementos,1300,MEDIUM,65,8.64,271.2
whey isolate proteina,Suplementos,1300,HIGH,100,78.96,409.05
creatina gentech,Suplementos,1300,HIGH,100,38.39,271.15
creatina ena monohidrato,Suplementos,1300,HIGH,100,61.26,345.5
gentech proteina,Suplementos,1300,HIGH,100,50.22,322.76
whey proteina isolate,Suplementos,1300,HIGH,100,78.96,409.05
buzo deportivo,Indumentaria deportiva,1300,HIGH,100,87.19,695.08
zapatillas trail running,Indumentaria deportiva,1300,HIGH,100,81.05,355.59
alo ropa deportiva,Indumentaria deportiva,1300,HIGH,99,62.09,566.04
zapatillas nike running hombre,Indumentaria deportiva,1300,HIGH,100,31.36,176.68
zapatillas nike hombre running,Indumentaria deportiva,1300,HIGH,100,31.36,176.68
buzo nike mujer,Indumentaria deportiva,1300,HIGH,100,35.32,213.14
buzos de hombre,Indumentaria deportiva,1300,HIGH,100,85.97,615.62
buzos deportivos,Indumentaria deportiva,1300,HIGH,100,87.19,695.08
zapatillas running hombre nike,Indumentaria deportiva,1300,HIGH,100,31.36,176.68
pantalon nike mujer,Indumentaria deportiva,1300,HIGH,100,37.87,209.48
buzo champion,Indumentaria deportiva,1300,HIGH,100,42.98,253.19
conjunto puma mujer,Indumentaria deportiva,1300,HIGH,100,42.98,263.49
zapatillas blancas puma mujer,Indumentaria deportiva,1300,HIGH,100,42.31,900.55
remeras deportivas hombre,Indumentaria deportiva,1300,HIGH,100,81.16,774.01
buzo seleccion argentina,Indumentaria deportiva,1300,HIGH,100,40.9,161.68
remeras nike mujer,Indumentaria deportiva,1300,HIGH,100,42.65,276.95
zapatillas adizero,Indumentaria deportiva,1300,HIGH,100,48.97,146.86
zapatillas i run,Indumentaria deportiva,1300,HIGH,99,15.18,179.01
olympikus zapatillas hombre,Indumentaria deportiva,1300,HIGH,100,20.08,161.28
conjunto de la selección argentina,Indumentaria deportiva,1300,MEDIUM,66,17.68,90.17
remeras de egresados jardin,Indumentaria deportiva,1300,LOW,11,45.06,276.9
camiseta manchester city,Futbol,1300,HIGH,92,60.95,323.43
guantes de arquero adidas,Futbol,1300,HIGH,100,31.17,155.2
zapatillas futbol 5,Futbol,1300,HIGH,100,33.24,178.26
camiseta juventus,Futbol,1300,MEDIUM,52,62.9,184.89
medias antideslizantes futbol,Futbol,1300,HIGH,100,89.58,578.48
camiseta ajax,Futbol,1300,LOW,20,52.09,347.61
chelsea camiseta,Futbol,1300,LOW,33,38.95,193.34
botines de 11,Futbol,1300,HIGH,99,22.25,155.48
camiseta napoli maradona,Futbol,1300,MEDIUM,61,38.86,241.02
ajax camiseta,Futbol,1300,LOW,20,52.09,347.61
camiseta man city,Futbol,1300,HIGH,92,60.95,323.43
camiseta maradona napoli,Futbol,1300,MEDIUM,61,38.86,241.02
botines adidas messi,Futbol,1300,HIGH,100,45.95,145.39
pelota de la champions,Futbol,1300,MEDIUM,39,21.51,155.77
camiseta del ajax,Futbol,1300,LOW,20,52.09,347.61
botas pumas,Futbol,1300,HIGH,100,63.47,795.35
camiseta de rosario central,Futbol,1300,MEDIUM,53,24.93,155.77
camiseta de flamengo,Futbol,1300,LOW,15,44.19,206.64
remera de messi,Futbol,1300,HIGH,68,41.07,157.32
camiseta de independiente nueva,Futbol,1300,HIGH,95,79.64,4302.03
pelota del mundial 2018,Futbol,1300,LOW,7,11.9,135.98
camiseta noruega,Futbol,1300,LOW,26,49.04,253.95
boca juniors remera,Futbol,1300,HIGH,100,40.54,157.32
camiseta de gimnasia de la plata,Futbol,1300,HIGH,70,39.91,266.04
camiseta de lanus,Futbol,1300,MEDIUM,51,25.05,155.77
camiseta del aston villa,Futbol,1300,LOW,30,40.69,161.5
camiseta del napoli maradona,Futbol,1300,MEDIUM,61,38.86,241.02
camiseta lanus,Futbol,1300,HIGH,68,36.02,185.71
camisetas de flamengo,Futbol,1300,LOW,15,44.19,206.64
maradona newells,Futbol,1300,LOW,3,7.95,43.45
pelota de los mundiales,Futbol,1300,MEDIUM,42,8.82,150.91
pelota del mundial 2010,Futbol,1300,LOW,11,10.09,122.11
remera chelsea,Futbol,1300,MEDIUM,48,31.22,182.85
selección de fútbol de gabón,Futbol,1300,LOW,0,0.0,0.0
smash padel,Padel,1300,LOW,33,99.86,610.76
eva padel,Padel,1300,LOW,4,217.05,415.35
zapatillas de basquet adidas,Basquet,1300,HIGH,99,54.51,179.73
zapatillas adidas basquet,Basquet,1300,HIGH,100,73.21,297.82
zapas de basquet adidas,Basquet,1300,HIGH,99,54.51,179.73
pelota de voley precio,Voley,1300,HIGH,99,10.96,115.06
pelota de volleyball precio,Voley,1300,HIGH,99,10.96,115.06
palo hockey,Hockey (cesped),1300,HIGH,100,50.57,302.76
palos hockey,Hockey (cesped),1300,HIGH,100,50.57,302.76
hockey palo,Hockey (cesped),1300,HIGH,100,50.57,302.76
bucal boxeo,Boxeo,1300,HIGH,99,14.16,186.28
bolsa de boxeo precio,Boxeo,1300,HIGH,100,13.74,148.56
zapatillas de trekking mujer,Trekking/Camping,1300,HIGH,100,56.18,400.94
carpa playera,Trekking/Camping,1300,HIGH,100,32.8,345.89
carpa autoarmable,Trekking/Camping,1300,HIGH,100,47.54,404.05
camiseta alternativa argentina,Camisetas de clubes/selecciones,1300,HIGH,99,50.61,166.45
camisetas atletico de madrid,Camisetas de clubes/selecciones,1300,MEDIUM,39,39.04,161.13
remera adidas argentina,Camisetas de clubes/selecciones,1300,HIGH,100,42.75,131.71
camiseta argentina 86,Camisetas de clubes/selecciones,1300,HIGH,91,41.13,190.0
remera boca juniors,Camisetas de clubes/selecciones,1300,HIGH,100,40.54,157.32
camiseta de river negra,Camisetas de clubes/selecciones,1300,MEDIUM,50,40.95,157.35
ultima camiseta de river,Camisetas de clubes/selecciones,1300,HIGH,68,18.94,155.77
camiseta alternativa de river,Camisetas de clubes/selecciones,1300,HIGH,69,45.77,157.58
nueva remera de argentina,Camisetas de clubes/selecciones,1300,MEDIUM,63,40.53,111.09
remera de san lorenzo,Camisetas de clubes/selecciones,1300,HIGH,100,72.59,492.51
camiseta river suplente,Camisetas de clubes/selecciones,1300,HIGH,91,47.8,164.05
boca camiseta retro,Camisetas de clubes/selecciones,1300,HIGH,70,40.68,160.34
camiseta de argentina 2006,Camisetas de clubes/selecciones,1300,MEDIUM,56,43.44,194.51
camiseta de boca rosa,Camisetas de clubes/selecciones,1300,LOW,16,29.31,157.35
camiseta de boca todas,Camisetas de clubes/selecciones,1300,LOW,6,39.67,156.19
camiseta de river retro,Camisetas de clubes/selecciones,1300,MEDIUM,64,30.67,157.32
camiseta de river violeta,Camisetas de clubes/selecciones,1300,MEDIUM,49,44.3,156.19
camiseta racing nike,Camisetas de clubes/selecciones,1300,HIGH,100,47.36,404.97
remera nueva de argentina,Camisetas de clubes/selecciones,1300,HIGH,67,37.52,155.77
creapure,Suplementos,1000,HIGH,100,98.42,566.04
monohidrato de creatina,Suplementos,1000,HIGH,100,51.02,440.76
multivitaminico mujer,Suplementos,1000,HIGH,100,76.8,452.93
proteina de suero,Suplementos,1000,HIGH,100,36.53,283.28
centrum silver mujer,Suplementos,1000,HIGH,100,62.91,252.52
centrum mujer para que sirve,Suplementos,1000,MEDIUM,41,88.95,243.75
bcaa que es,Suplementos,1000,HIGH,82,51.2,373.79
ganadores de peso,Suplementos,1000,HIGH,100,38.16,245.97
proteina gold nutrition,Suplementos,1000,HIGH,100,60.55,398.35
ultraflex hmb 3000,Suplementos,1000,HIGH,100,45.84,225.93
gold nutrition proteína,Suplementos,1000,HIGH,100,60.55,398.35
supradyn para qué sirve,Suplementos,1000,LOW,27,118.02,476.76
remera deportiva,Indumentaria deportiva,1000,HIGH,100,109.64,809.09
puma running,Indumentaria deportiva,1000,HIGH,100,59.49,1231.83
camiseta termica mujer,Indumentaria deportiva,1000,HIGH,100,77.19,775.95
pantalon trekking mujer,Indumentaria deportiva,1000,HIGH,100,89.01,699.16
adidas running hombre,Indumentaria deportiva,1000,HIGH,100,44.63,146.86
zapatillas impermeables,Indumentaria deportiva,1000,HIGH,100,78.91,502.66
zapatillas saucony mujer,Indumentaria deportiva,1000,HIGH,100,29.06,243.73
tienda de ropa deportiva,Indumentaria deportiva,1000,HIGH,88,70.93,708.51
conjunto deportivo adidas,Indumentaria deportiva,1000,HIGH,100,39.92,153.66
nike shorts mujer,Indumentaria deportiva,1000,HIGH,100,37.29,231.84
zapatillas puma mujer running,Indumentaria deportiva,1000,HIGH,100,41.74,696.56
conjunto deportivo adidas hombre,Indumentaria deportiva,1000,HIGH,100,42.44,165.21
pantalon jordan hombre,Indumentaria deportiva,1000,HIGH,100,50.88,325.54
calza biker mujer,Indumentaria deportiva,1000,HIGH,100,92.57,469.28
conjunto deportivo mujer adidas,Indumentaria deportiva,1000,HIGH,100,47.69,196.25
calzas ciclismo hombre,Indumentaria deportiva,1000,HIGH,100,59.21,471.12
buzo de mujer,Indumentaria deportiva,1000,HIGH,100,86.63,778.45
conjunto boca juniors,Indumentaria deportiva,1000,HIGH,100,31.41,162.9
conjunto de mujer,Indumentaria deportiva,1000,HIGH,93,83.01,867.83
zapatillas adidas adizero,Indumentaria deportiva,1000,HIGH,100,44.99,146.83
mallas de hombre,Indumentaria deportiva,1000,HIGH,100,143.54,810.42
calzas ciclismo mujer,Indumentaria deportiva,1000,HIGH,100,57.14,487.1
pantalones puma mujer,Indumentaria deportiva,1000,HIGH,100,57.99,133.98
remeras uv,Indumentaria deportiva,1000,HIGH,100,131.71,674.99
jogging hombre adidas,Indumentaria deportiva,1000,HIGH,100,46.23,160.67
remeras blancas,Indumentaria deportiva,1000,HIGH,95,101.01,524.05
buzo de la selección argentina,Indumentaria deportiva,1000,HIGH,100,22.42,126.28
zapas deportivas,Indumentaria deportiva,1000,HIGH,100,42.47,236.05
pantalones de jogging,Indumentaria deportiva,1000,HIGH,99,72.23,498.64
remeras tascani,Indumentaria deportiva,1000,HIGH,86,64.82,717.04
pelota del mundial 2022,Futbol,1000,LOW,25,24.98,156.19
guantes arquero,Futbol,1000,HIGH,100,42.09,201.44
camiseta de cristiano ronaldo,Futbol,1000,LOW,33,44.89,333.17
botines papi futbol,Futbol,1000,HIGH,100,37.52,179.79
guantes de arquero profesionales,Futbol,1000,HIGH,100,39.89,184.31
arsenal camiseta,Futbol,1000,LOW,24,49.86,157.76
botines copa,Futbol,1000,HIGH,92,47.29,157.32
pelotas del mundial 2022,Futbol,1000,LOW,25,24.98,156.19
pelota de futsal,Futbol,1000,HIGH,99,17.96,158.71
botines phantom,Futbol,1000,HIGH,81,51.57,192.85
pelotas de futsal,Futbol,1000,HIGH,99,17.96,158.71
camisetas de futbol argentino,Futbol,1000,HIGH,83,52.07,269.33
camisetas de la juventus,Futbol,1000,LOW,17,42.15,162.26
botines grasep,Futbol,1000,HIGH,68,14.76,157.32
botines f50 messi,Futbol,1000,HIGH,100,63.53,204.27
camisa de juventus,Futbol,1000,LOW,17,42.15,162.26
camiseta de boca 2001,Futbol,1000,LOW,28,50.61,185.95
camiseta maradona 94,Futbol,1000,MEDIUM,44,44.54,239.4
mini pelota mundial,Futbol,1000,HIGH,100,40.77,214.73
pelotas de padel,Padel,1000,HIGH,100,44.67,276.99
asics padel,Padel,1000,HIGH,100,80.17,477.67
grip padel,Padel,1000,HIGH,100,36.1,289.87
pala padel adidas,Padel,1000,HIGH,100,72.13,303.9
zapatillas bullpadel,Padel,1000,HIGH,100,74.85,292.79
zapatillas joma padel,Padel,1000,HIGH,100,52.95,271.0
zapatillas oc,Calzado/ropa deportiva generica de marca (descartar - ultra competido),1000,HIGH,100,38.95,211.04
deportivas padel,Padel,1000,LOW,11,47.2,391.82
vaypol zapatillas,Calzado/ropa deportiva generica de marca (descartar - ultra competido),1000,HIGH,100,70.57,2227.71
paleta babolat,Padel,1000,HIGH,100,50.66,332.5
paletas babolat,Padel,1000,HIGH,100,50.66,332.5
grippadel,Padel,1000,HIGH,100,36.1,289.87
adidas basquet,Basquet,1000,HIGH,100,52.34,284.87
zapas de basquet,Basquet,1000,HIGH,100,53.74,254.36
zapa de basquet,Basquet,1000,HIGH,100,53.74,254.36
zapatillas asics voley,Voley,1000,HIGH,100,27.16,221.34
asics voley,Voley,1000,HIGH,100,28.14,259.08
pelota de voley mikasa,Voley,1000,HIGH,100,19.53,182.69
pelota mikasa voley,Voley,1000,HIGH,99,21.3,160.58
pelotas mikasa de voley,Voley,1000,HIGH,100,19.53,182.69
voley asics,Voley,1000,HIGH,100,28.14,259.08
zapatilla con taco,Calzado/ropa deportiva generica de marca (descartar - ultra competido),1000,HIGH,100,53.39,535.52
cinta para caminar,Atletismo/Running,1000,HIGH,100,204.01,2441.57
cintes de caminar,Atletismo/Running,1000,HIGH,100,188.71,3158.79
palo de hockey precio,Hockey (cesped),1000,HIGH,99,16.11,125.72
palo de hockey precios,Hockey (cesped),1000,HIGH,99,16.11,125.72
pelota rugby,Rugby,1000,HIGH,89,34.36,200.96
mma guantes,Boxeo,1000,HIGH,100,31.86,382.22
guantes proyec,Boxeo,1000,HIGH,100,33.23,198.45
antiparras arena,Natacion,1000,HIGH,99,45.01,325.21
natacion arena,Natacion,1000,HIGH,99,66.67,636.34
anzuelos de pesca,Pesca,1000,HIGH,97,14.8,249.55
lele pesca,Pesca,1000,LOW,20,20.1,89.92
botas trekking mujer,Trekking/Camping,1000,HIGH,100,79.65,463.23
zapatillas para trekking,Trekking/Camping,1000,HIGH,100,46.07,406.59
bolsa de dormir termica,Trekking/Camping,1000,HIGH,100,41.25,379.53
camiseta de messi argentina,Camisetas de clubes/selecciones,1000,MEDIUM,63,39.2,159.63
campera de boca adidas,Camisetas de clubes/selecciones,1000,HIGH,100,32.68,146.86
adidas remera argentina,Camisetas de clubes/selecciones,1000,HIGH,100,27.76,131.71
indumentaria boca juniors,Camisetas de clubes/selecciones,1000,HIGH,100,30.94,157.35
camisa de argentina messi,Camisetas de clubes/selecciones,1000,MEDIUM,63,39.2,159.63
remera de river original,Camisetas de clubes/selecciones,1000,HIGH,100,21.73,155.2
camiseta de futbol argentina,Camisetas de clubes/selecciones,1000,HIGH,83,52.07,269.33
remera argentina original,Camisetas de clubes/selecciones,1000,HIGH,100,30.67,155.77
camiseta boca blanca,Camisetas de clubes/selecciones,1000,HIGH,74,55.49,201.97
camiseta river negra,Camisetas de clubes/selecciones,1000,HIGH,73,73.11,192.49
camiseta argentina 2018,Camisetas de clubes/selecciones,1000,LOW,16,33.02,215.81
argentina remera,Camisetas de clubes/selecciones,1000,HIGH,81,40.95,155.77
camiseta de boca alternativa,Camisetas de clubes/selecciones,1000,HIGH,90,40.69,200.92
argentina 2006 camiseta,Camisetas de clubes/selecciones,1000,HIGH,75,65.1,247.1
camiseta alterna de boca,Camisetas de clubes/selecciones,1000,HIGH,90,40.69,200.92
camiseta argentina 1998,Camisetas de clubes/selecciones,1000,LOW,19,31.41,212.26
camiseta argentina 2002,Camisetas de clubes/selecciones,1000,LOW,12,48.64,377.32
camiseta argentina 94,Camisetas de clubes/selecciones,1000,MEDIUM,52,45.57,231.08
camiseta boca 2000,Camisetas de clubes/selecciones,1000,LOW,12,35.3,183.58
camiseta boca 2007,Camisetas de clubes/selecciones,1000,LOW,7,49.68,225.15
camiseta de argentina retro,Camisetas de clubes/selecciones,1000,HIGH,78,37.63,179.55
camiseta de racing nueva,Camisetas de clubes/selecciones,1000,HIGH,100,42.57,264.55
camiseta negra river,Camisetas de clubes/selecciones,1000,HIGH,73,73.11,192.49
camiseta retro river,Camisetas de clubes/selecciones,1000,HIGH,75,29.17,157.18
nueva remera river,Camisetas de clubes/selecciones,1000,HIGH,80,20.77,157.32
remera argentina 2006,Camisetas de clubes/selecciones,1000,HIGH,81,49.91,157.35
river camiseta negra,Camisetas de clubes/selecciones,1000,HIGH,73,73.11,192.49
colageno marino,Suplementos,880,HIGH,100,48.13,455.75
centrum mujer precio,Suplementos,880,HIGH,100,29.44,253.06
colágeno hidrolizado precio,Suplementos,880,HIGH,100,51.73,356.92
creatina suplemento,Suplementos,880,HIGH,100,55.07,507.5
whey protein gold nutrition,Suplementos,880,HIGH,100,79.35,478.56
creatina bsn,Suplementos,880,HIGH,100,69.45,471.96
creatina gold,Suplementos,880,HIGH,100,35.94,483.63
colageno en pastilla,Suplementos,880,HIGH,100,52.73,434.19
graviton multivitaminico,Suplementos,880,HIGH,100,45.19,278.28
entreno suplementos,Suplementos,880,HIGH,85,127.1,11728.76
xtrenght proteina,Suplementos,880,HIGH,100,60.65,344.96
new balance hombre,Indumentaria deportiva,880,HIGH,100,22.6,180.93
nike running mujer,Indumentaria deportiva,880,HIGH,100,33.19,189.0
zapatillas hoka hombre,Indumentaria deportiva,880,HIGH,100,32.37,219.88
zapatillas on running,Indumentaria deportiva,880,HIGH,100,56.45,290.44
zapatillas para correr mujer,Indumentaria deportiva,880,HIGH,100,48.34,239.06
conjunto nike mujer,Indumentaria deportiva,880,HIGH,100,27.21,220.16
terrex adidas mujer,Indumentaria deportiva,880,HIGH,100,51.57,169.14
buzos deportivos mujer,Indumentaria deportiva,880,HIGH,100,81.05,657.66
pantalones cortos jordan,Indumentaria deportiva,880,HIGH,69,31.08,224.53
conjunto puma hombre,Indumentaria deportiva,880,HIGH,100,47.5,307.63
chaleco running,Indumentaria deportiva,880,HIGH,100,71.42,586.13
pelotas padel,Padel,880,HIGH,100,44.73,290.68
palas nox,Padel,880,HIGH,100,79.45,403.43
zapatillas padel nike,Padel,880,HIGH,100,54.32,271.89
pala de padel bullpadel,Padel,880,HIGH,100,60.18,286.12
paleta adidas metalbone,Padel,880,HIGH,100,81.05,392.85
padel vairo,Padel,880,HIGH,97,85.35,451.87
nox pádel,Padel,880,HIGH,100,96.51,477.71
tablero de basquet,Basquet,880,HIGH,99,69.16,300.02
zapatillas para basquet,Basquet,880,HIGH,100,47.76,268.64
zapatillas basquet mujer,Basquet,880,HIGH,100,73.28,268.89
zapatillas basquet hombre,Basquet,880,HIGH,100,70.99,392.37
zapatillas de basquet mujer,Basquet,880,HIGH,99,57.25,254.93
zapatillas basquet hombres,Basquet,880,HIGH,100,70.99,392.37
zapatillas básquet mujer,Basquet,880,HIGH,100,73.28,268.89
zapatillas para voley mujer,Voley,880,HIGH,100,27.01,227.76
zapatillas puma running,Atletismo/Running,880,HIGH,100,51.15,1042.04
zapatillas puma hombre running,Atletismo/Running,880,HIGH,100,30.76,598.14
saucony zapatillas hombre,Calzado/ropa deportiva generica de marca (descartar - ultra competido),880,HIGH,100,31.27,240.24
botitas nike hombre,Atletismo/Running,880,HIGH,100,29.3,171.19
zapatillas duramo adidas,Calzado/ropa deportiva generica de marca (descartar - ultra competido),880,HIGH,100,50.74,162.72
i run ropa deportiva,Atletismo/Running,880,HIGH,99,28.01,420.74
zapatillas mujer de cuero,Calzado/ropa deportiva generica de marca (descartar - ultra competido),880,HIGH,100,58.15,277.47
botines rugby adidas,Rugby,880,HIGH,100,62.26,146.83
guantes de kick boxing,Boxeo,880,HIGH,100,23.08,258.11
guantes de boxeo mercado libre,Boxeo,880,HIGH,100,99.07,273.81
guantes de kickboxing,Boxeo,880,HIGH,100,23.08,258.11
gorro natacion,Natacion,880,HIGH,100,34.71,210.46
caña de pescar precio,Pesca,880,HIGH,100,11.6,77.27
mochila de trekking,Trekking/Camping,880,HIGH,100,87.66,483.85
carpa de camping,Trekking/Camping,880,HIGH,99,33.05,406.62
botas de trekking,Trekking/Camping,880,HIGH,100,65.83,462.17
carpa 4 personas,Trekking/Camping,880,HIGH,100,42.5,340.04
mochilas de trekking,Trekking/Camping,880,HIGH,100,87.66,483.85
carpa iglu,Trekking/Camping,880,HIGH,92,41.45,477.37
bolsa de dormir precio,Trekking/Camping,880,HIGH,100,16.85,117.56
camiseta afa,Camisetas de clubes/selecciones,880,HIGH,100,26.36,155.77
camiseta de argentina mujer,Camisetas de clubes/selecciones,880,HIGH,100,36.02,173.47
camiseta tricolor river,Camisetas de clubes/selecciones,880,MEDIUM,61,44.85,157.32
boca indumentaria,Camisetas de clubes/selecciones,880,HIGH,100,31.41,158.05
camiseta argentina 1986,Camisetas de clubes/selecciones,880,MEDIUM,58,32.46,172.22
afa camiseta,Camisetas de clubes/selecciones,880,HIGH,100,26.36,155.77
conjunto seleccion argentina,Camisetas de clubes/selecciones,880,HIGH,100,26.52,155.2
remera de entrenamiento de argentina,Camisetas de clubes/selecciones,880,HIGH,93,34.6,141.31
remera racing,Camisetas de clubes/selecciones,880,HIGH,100,45.62,313.71
camiseta river alternativa,Camisetas de clubes/selecciones,880,HIGH,100,70.53,214.61
camiseta negra de argentina,Camisetas de clubes/selecciones,880,MEDIUM,47,36.33,156.19
remera alternativa de argentina,Camisetas de clubes/selecciones,880,HIGH,86,48.26,155.98
camiseta de boca amarilla,Camisetas de clubes/selecciones,880,MEDIUM,59,44.79,176.63
nueva camiseta de la selección argentina,Camisetas de clubes/selecciones,880,MEDIUM,63,29.63,115.07
camiseta de argentina negra,Camisetas de clubes/selecciones,880,MEDIUM,47,36.33,156.19
remera suplente argentina,Camisetas de clubes/selecciones,880,HIGH,98,44.87,146.26
camiseta independiente negra,Camisetas de clubes/selecciones,880,HIGH,98,95.1,2636.04
3 estrellas argentina,Camisetas de clubes/selecciones,880,LOW,5,32.94,275.06
boca camiseta rosa,Camisetas de clubes/selecciones,880,LOW,14,41.05,161.95
boca camiseta rosada,Camisetas de clubes/selecciones,880,LOW,14,41.05,161.95
camisa de argentina negra,Camisetas de clubes/selecciones,880,MEDIUM,47,36.33,156.19
camiseta alterna river,Camisetas de clubes/selecciones,880,HIGH,100,70.53,214.61
camiseta argentina de mujer,Camisetas de clubes/selecciones,880,HIGH,100,36.02,173.47
camiseta argentina reebok,Camisetas de clubes/selecciones,880,MEDIUM,54,31.43,203.4
camiseta de quilmes,Camisetas de clubes/selecciones,880,MEDIUM,52,37.63,270.62
camiseta de river todas,Camisetas de clubes/selecciones,880,LOW,9,38.7,157.35
camiseta independiente nueva,Camisetas de clubes/selecciones,880,HIGH,85,86.7,7534.33
camiseta nueva de la seleccion argentina,Camisetas de clubes/selecciones,880,MEDIUM,65,21.86,112.05
historia camiseta de boca,Camisetas de clubes/selecciones,880,LOW,0,0.0,0.0
remera de argentina para mujer,Camisetas de clubes/selecciones,880,HIGH,100,37.17,301.98
proteina de suero de leche,Suplementos,720,HIGH,100,49.78,380.4
creatina capsulas,Suplementos,720,HIGH,100,64.14,598.99
creatina en pastillas,Suplementos,720,HIGH,100,58.33,516.01
creatina whey,Suplementos,720,HIGH,100,51.25,442.3
creatina para mujeres,Suplementos,720,HIGH,99,95.77,540.59
colageno hidrolizado con vitamina c,Suplementos,720,HIGH,100,55.59,559.77
proteina whey protein,Suplementos,720,HIGH,100,65.78,397.63
vitamina b2 para que sirve,Suplementos,720,LOW,15,4.04,144.0
creatina mercado libre,Suplementos,720,HIGH,100,41.32,305.57
precio de la creatina,Suplementos,720,HIGH,100,15.55,179.44
centrum mujer engorda,Suplementos,720,LOW,15,122.73,366.19
colágeno hidrolizado engorda,Suplementos,720,MEDIUM,56,7.41,264.48
centrum base,Suplementos,720,HIGH,100,63.5,321.71
creatina ultra tech,Suplementos,720,HIGH,100,34.3,305.23
colageno hidrolizado como tomarlo,Suplementos,720,MEDIUM,59,6.59,196.41
colageno para que sirve tomarlo,Suplementos,720,MEDIUM,63,8.69,494.21
creatina cerca de mi,Suplementos,720,MEDIUM,53,47.87,468.5
creatina monohidratada como tomarla,Suplementos,720,MEDIUM,40,4.67,129.7
cápsulas colageno,Suplementos,720,HIGH,100,64.25,579.75
para q sirve el colageno tomado,Suplementos,720,MEDIUM,63,8.69,494.21
protein suero de leche,Suplementos,720,HIGH,100,49.78,380.4
proteina xtrenght,Suplementos,720,HIGH,100,75.29,336.05
star creatina,Suplementos,720,HIGH,100,63.96,321.24
star proteina,Suplementos,720,HIGH,100,64.3,304.1
bolso de padel,Padel,720,HIGH,100,86.93,417.15
bolso padel,Padel,720,HIGH,100,104.45,474.96
zapatillas para padel hombre,Padel,720,HIGH,100,80.54,336.32
zapatillas de padel adidas,Padel,720,HIGH,100,62.26,187.58
zapatillas padel mujer adidas,Padel,720,HIGH,100,69.66,186.34
paleta head,Padel,720,HIGH,100,63.96,528.09
paleta siux,Padel,720,HIGH,100,50.04,389.03
paletas coast,Padel,720,HIGH,100,41.55,343.66
rodilleras de voley,Voley,720,HIGH,99,18.99,187.29
zapatillas voley hombre,Voley,720,HIGH,100,37.66,308.15
zapatillas mizuno voley,Voley,720,HIGH,100,30.18,268.81
zapatillas volleyball hombre,Voley,720,HIGH,100,37.66,308.15
mizuno voley zapatillas,Voley,720,HIGH,100,30.18,268.81
pelota pintier,Voley,720,HIGH,85,18.76,160.33
zapatillas supra,Calzado/ropa deportiva generica de marca (descartar - ultra competido),720,HIGH,73,20.84,219.91
nike running hombre,Atletismo/Running,720,HIGH,100,32.9,184.78
zapatillas trail running mujer,Atletismo/Running,720,HIGH,100,84.69,397.96
zapatillas running mujer asics,Atletismo/Running,720,HIGH,100,30.96,226.62
zapatillas nike trail,Atletismo/Running,720,HIGH,100,62.26,281.4
digital sport zapatillas,Calzado/ropa deportiva generica de marca (descartar - ultra competido),720,HIGH,100,38.02,323.33
zapatillas adidas ultraboost,Calzado/ropa deportiva generica de marca (descartar - ultra competido),720,HIGH,100,46.52,131.71
chaleco de hidratacion,Atletismo/Running,720,HIGH,100,81.66,615.65
zapatillas trail nike,Atletismo/Running,720,HIGH,100,62.26,281.4
nike trail zapatillas,Atletismo/Running,720,HIGH,100,62.26,281.4
i run zapatillas mujer,Calzado/ropa deportiva generica de marca (descartar - ultra competido),720,HIGH,100,16.61,155.77
zapatillas adidas para correr,Atletismo/Running,720,HIGH,100,32.61,145.39
mochilas camelbak,Atletismo/Running,720,HIGH,100,26.09,231.71
nike zapatillas trail,Atletismo/Running,720,HIGH,100,62.26,281.4
adidas duramo si,Atletismo/Running,720,HIGH,100,49.43,176.31
canilleras de hockey,Hockey (cesped),720,HIGH,100,33.45,276.42
guantes venum,Boxeo,720,HIGH,100,24.35,233.41
vendas boxeo,Boxeo,720,HIGH,100,25.89,198.94
guantes de boxeo everlast,Boxeo,720,HIGH,100,24.0,180.97
guantes de box everlast,Boxeo,720,HIGH,100,24.0,180.97
bolsas de box,Boxeo,720,HIGH,100,31.12,254.36
mallas natacion hombre,Natacion,720,HIGH,100,54.43,373.04
caña telescopica,Pesca,720,HIGH,99,19.42,269.33
casas pesca,Pesca,720,LOW,22,46.77,277.17
caña de pescar con reel,Pesca,720,HIGH,100,29.02,355.2
escualo reel,Pesca,720,HIGH,70,11.65,64.06
botas trekking hombre,Trekking/Camping,720,HIGH,100,74.81,490.52
carpa 6 personas,Trekking/Camping,720,HIGH,100,43.65,318.07
botas trekking,Trekking/Camping,720,HIGH,100,69.98,487.14
carpa coleman,Trekking/Camping,720,HIGH,100,57.23,426.03
carpa para 8 personas,Trekking/Camping,720,HIGH,99,26.44,263.92
media carpa playera,Trekking/Camping,720,HIGH,100,17.79,376.74
carpa para 8 persona,Trekking/Camping,720,HIGH,99,26.44,263.92
camiseta de argentina 2022,Camisetas de clubes/selecciones,720,MEDIUM,44,28.08,160.96
camiseta argentina messi,Camisetas de clubes/selecciones,720,HIGH,100,52.34,226.12
camiseta messi,Camisetas de clubes/selecciones,720,HIGH,100,52.23,197.56
camiseta argentina mundial,Camisetas de clubes/selecciones,720,HIGH,75,41.91,174.17
camiseta oficial argentina,Camisetas de clubes/selecciones,720,HIGH,100,30.1,149.1
camiseta futbol argentina,Camisetas de clubes/selecciones,720,HIGH,100,43.73,260.01
camiseta de real madrid,Camisetas de clubes/selecciones,720,LOW,28,27.07,144.74
camisetas de real madrid,Camisetas de clubes/selecciones,720,LOW,28,27.07,144.74
camiseta de river plate,Camisetas de clubes/selecciones,720,HIGH,73,25.87,156.19
independiente indumentaria,Camisetas de clubes/selecciones,720,HIGH,100,83.66,9933.36
camiseta real madrid azul,Camisetas de clubes/selecciones,720,MEDIUM,46,49.31,188.05
ropa river plate,Camisetas de clubes/selecciones,720,HIGH,100,29.67,158.31
camisetas messi argentina,Camisetas de clubes/selecciones,720,HIGH,100,52.34,226.12
remera de argentina mujer,Camisetas de clubes/selecciones,720,HIGH,100,40.84,239.65
camiseta river 2018,Camisetas de clubes/selecciones,720,LOW,15,48.16,294.16
campera de boca rompeviento,Camisetas de clubes/selecciones,720,HIGH,86,30.67,157.35
camiseta boca suplente,Camisetas de clubes/selecciones,720,HIGH,100,73.83,251.36
nueva camiseta selección argentina,Camisetas de clubes/selecciones,720,HIGH,83,51.62,157.75
camisa dibu martinez,Camisetas de clubes/selecciones,720,HIGH,75,52.09,212.28
camiseta 2006 argentina,Camisetas de clubes/selecciones,720,HIGH,86,52.34,182.24
camiseta azul del real madrid,Camisetas de clubes/selecciones,720,MEDIUM,46,49.31,188.05
camiseta boca 2003,Camisetas de clubes/selecciones,720,LOW,6,54.47,157.32
camiseta de boca 2000,Camisetas de clubes/selecciones,720,LOW,8,33.7,155.98
camiseta de boca entrenamiento,Camisetas de clubes/selecciones,720,HIGH,100,42.57,155.98
camiseta de boca original precio,Camisetas de clubes/selecciones,720,HIGH,76,13.44,125.81
camiseta de racing nike,Camisetas de clubes/selecciones,720,HIGH,100,39.94,288.07
camiseta de river suplente,Camisetas de clubes/selecciones,720,HIGH,76,50.42,157.35
camiseta independiente retro,Camisetas de clubes/selecciones,720,HIGH,98,133.06,9501.06
camiseta river retro,Camisetas de clubes/selecciones,720,HIGH,87,31.08,156.56
camisetas argentina messi,Camisetas de clubes/selecciones,720,HIGH,100,52.34,226.12
camisetas de boca entrenamiento,Camisetas de clubes/selecciones,720,HIGH,100,42.57,155.98
camisetas real madrid azul,Camisetas de clubes/selecciones,720,MEDIUM,46,49.31,188.05
camisetas suplente de river,Camisetas de clubes/selecciones,720,HIGH,76,50.42,157.35
camperas de river adidas,Camisetas de clubes/selecciones,720,HIGH,100,28.16,145.78
remera argentina azul,Camisetas de clubes/selecciones,720,HIGH,99,40.96,155.98
remera argentina retro,Camisetas de clubes/selecciones,720,HIGH,100,45.44,212.89
remera blanca de boca,Camisetas de clubes/selecciones,720,MEDIUM,48,34.23,156.56
remera de barca,Camisetas de clubes/selecciones,720,LOW,24,24.83,269.33
river plate oficial tienda,Camisetas de clubes/selecciones,720,HIGH,100,28.22,158.06
selección argentina nueva camiseta,Camisetas de clubes/selecciones,720,HIGH,83,51.62,157.75
proteina isolate,Suplementos,590,HIGH,100,67.01,354.5
vitaminas para embarazadas,Suplementos,590,HIGH,78,27.06,316.61
creatina optimum nutrition,Suplementos,590,HIGH,100,91.97,550.62
suplementos gym,Suplementos,590,HIGH,90,105.3,496.61
c4 pre entreno,Suplementos,590,HIGH,100,107.01,464.8
creatina on,Suplementos,590,HIGH,100,95.8,702.75
tienda de suplementos,Suplementos,590,HIGH,88,145.38,564.21
proteinas gimnasio,Suplementos,590,LOW,15,69.97,397.78
centrum silver hombre,Suplementos,590,HIGH,100,64.33,305.16
bcaa para que sirve,Suplementos,590,LOW,30,50.58,310.68
la creatina,Suplementos,590,MEDIUM,58,51.29,350.45
whey protein para que sirve,Suplementos,590,MEDIUM,36,29.22,276.12
suplemento quemador de grasa,Suplementos,590,HIGH,100,35.71,309.44
vitalgen colageno hidrolizado,Suplementos,590,HIGH,100,90.98,567.22
ultraflex colageno hidrolizado,Suplementos,590,HIGH,100,49.61,291.74
c4 preentreno,Suplementos,590,HIGH,100,107.01,464.8
termogénicos,Suplementos,590,HIGH,86,40.8,499.52
whey protein star,Suplementos,590,HIGH,100,79.11,431.64
proteína isolatada,Suplementos,590,HIGH,100,67.01,354.5
creatina ena micronizada,Suplementos,590,HIGH,100,62.73,328.25
creatina body advance,Suplementos,590,HIGH,100,26.92,306.7
creatina xtrenght,Suplementos,590,HIGH,100,45.74,401.7
gentech creatina,Suplementos,590,HIGH,100,42.12,354.3
gimnasio proteina,Suplementos,590,LOW,15,69.97,397.78
pre entreno c 4,Suplementos,590,HIGH,100,107.01,464.8
proteina nutrilab,Suplementos,590,HIGH,100,46.05,258.28
proteina on isolate,Suplementos,590,HIGH,100,67.01,354.5
proteina whey protein isolate,Suplementos,590,HIGH,100,67.01,354.5
proteina y gimnasio,Suplementos,590,LOW,15,69.97,397.78
proteinas del gimnasio,Suplementos,590,LOW,15,69.97,397.78
proteinas nutrilab,Suplementos,590,HIGH,100,46.05,258.28
wheybolic protein para que sirve,Suplementos,590,MEDIUM,36,29.22,276.12
mochila padel,Padel,590,HIGH,100,101.14,456.37
zapatillas babolat padel,Padel,590,HIGH,100,94.78,440.19
zapatillas padel mujer asics,Padel,590,HIGH,100,73.99,409.37
paleta varlion,Padel,590,HIGH,100,38.27,410.65
paleta kombat,Padel,590,HIGH,100,55.7,1802.6
zapatillas asic padel mujer,Padel,590,HIGH,100,73.99,409.37
babolat pádel zapatillas,Padel,590,HIGH,100,94.78,440.19
cigio,Padel,590,HIGH,84,56.21,216.48
dabber paleta,Padel,590,HIGH,100,41.58,452.65
paletas dabber,Padel,590,HIGH,100,41.58,452.65
zapatillas topper basquet,Basquet,590,HIGH,100,87.97,1061.3
zapatillas básquet topper,Basquet,590,HIGH,100,87.97,1061.3
zapatillas topper básquet,Basquet,590,HIGH,100,87.97,1061.3
zapatillas de voley hombre,Voley,590,HIGH,100,29.88,269.94
rodilleras para voley,Voley,590,HIGH,100,16.93,245.61
zapatillas adidas voley,Voley,590,HIGH,100,27.96,179.27
zapatillas voley nike,Voley,590,HIGH,100,27.17,134.15
pelota de voley profesional,Voley,590,HIGH,99,24.2,262.27
rodilleras para volleyball,Voley,590,HIGH,100,16.93,245.61
zapatilla de voley hombre,Voley,590,HIGH,100,29.88,269.94
jersey ciclismo,Ciclismo (accesorios),590,HIGH,100,80.34,613.47
guantes para bicicleta,Ciclismo (accesorios),590,HIGH,100,29.33,295.25
guantes para bici,Ciclismo (accesorios),590,HIGH,100,29.33,295.25
cronometro deportivo,Atletismo/Running,590,HIGH,99,40.35,254.36
zapatillas trail,Atletismo/Running,590,HIGH,100,80.91,363.64
zapatillas para correr hombre,Atletismo/Running,590,HIGH,100,44.72,269.33
duramo sl 2.0,Atletismo/Running,590,HIGH,100,61.09,288.3
zapatillas de running mujer,Atletismo/Running,590,HIGH,100,45.84,205.12
zapatillas de trail running,Atletismo/Running,590,HIGH,100,80.69,360.87
altra zapatillas,Calzado/ropa deportiva generica de marca (descartar - ultra competido),590,HIGH,100,41.71,209.48
zapatillas cuero mujer,Calzado/ropa deportiva generica de marca (descartar - ultra competido),590,HIGH,100,77.18,380.68
zapatillas adidas supernova,Calzado/ropa deportiva generica de marca (descartar - ultra competido),590,HIGH,100,45.58,142.17
chaleco hidratacion running,Atletismo/Running,590,HIGH,100,89.66,650.48
zapatillas topper mujer running,Atletismo/Running,590,HIGH,100,28.52,413.68
zapatillas con cámara de aire mujer,Calzado/ropa deportiva generica de marca (descartar - ultra competido),590,HIGH,100,35.09,212.34
adidas con puntera,Atletismo/Running,590,HIGH,96,43.71,145.39
palo de hockey adidas,Hockey (cesped),590,HIGH,99,71.44,265.25
palo de hockey vlack,Hockey (cesped),590,HIGH,99,49.23,252.37
palos de hockey de carbono,Hockey (cesped),590,HIGH,100,44.38,217.34
adidas palo de hockey,Hockey (cesped),590,HIGH,99,63.04,219.87
palos adidas de hockey,Hockey (cesped),590,HIGH,99,63.04,219.87
protector bucal boxeo,Boxeo,590,HIGH,96,20.86,156.17
vendas para boxeo,Boxeo,590,HIGH,100,19.24,201.96
manoplas de boxeo,Boxeo,590,HIGH,99,18.25,239.4
vendaje para boxeadores,Boxeo,590,HIGH,100,19.24,201.96
caña shimano,Pesca,590,HIGH,98,20.28,209.48
caña con reel,Pesca,590,HIGH,100,23.89,272.97
coty pesca,Pesca,590,LOW,14,14.73,92.13
carpa grande,Trekking/Camping,590,HIGH,100,218.8,2285.78
carpa playera autoarmable,Trekking/Camping,590,HIGH,99,42.75,247.29
carpa inflable camping,Trekking/Camping,590,HIGH,100,49.4,372.01
carpa para dos personas,Trekking/Camping,590,HIGH,100,20.62,231.35
zapatillas trekking montagne,Trekking/Camping,590,HIGH,100,57.35,2050.15
bolsa de dormir para bebes,Trekking/Camping,590,HIGH,100,55.53,442.57
camiseta argentina mundial 2022,Camisetas de clubes/selecciones,590,MEDIUM,64,37.35,190.68
camisa de argentina,Camisetas de clubes/selecciones,590,MEDIUM,63,38.82,127.92
camiseta argentina 2023,Camisetas de clubes/selecciones,590,MEDIUM,46,34.66,166.2
camiseta boca 2022,Camisetas de clubes/selecciones,590,LOW,18,61.12,246.95
camiseta de argentina original precio,Camisetas de clubes/selecciones,590,HIGH,100,16.46,83.19
camiseta argentina 2021,Camisetas de clubes/selecciones,590,LOW,23,33.46,175.23
camiseta real madrid negra,Camisetas de clubes/selecciones,590,LOW,18,58.26,401.89
indumentaria seleccion argentina,Camisetas de clubes/selecciones,590,HIGH,100,23.51,146.26
remera entrenamiento boca,Camisetas de clubes/selecciones,590,HIGH,100,50.11,221.65
camisa argentina mundial 2022,Camisetas de clubes/selecciones,590,MEDIUM,64,37.35,190.68
adidas camiseta de boca,Camisetas de clubes/selecciones,590,HIGH,100,25.24,146.83
camiseta boca alternativa,Camisetas de clubes/selecciones,590,HIGH,100,81.05,219.4
camiseta entrenamiento boca,Camisetas de clubes/selecciones,590,HIGH,100,52.09,195.41
camiseta argentina vintage,Camisetas de clubes/selecciones,590,HIGH,100,42.97,213.64
remeras de boca juniors,Camisetas de clubes/selecciones,590,HIGH,67,32.38,157.35
camiseta de river adidas,Camisetas de clubes/selecciones,590,HIGH,100,16.94,145.51
remera boca original,Camisetas de clubes/selecciones,590,HIGH,100,51.83,216.29
camiseta argentina 1990,Camisetas de clubes/selecciones,590,LOW,25,37.87,194.59
camiseta argentina 2006 suplente,Camisetas de clubes/selecciones,590,HIGH,71,57.66,197.36
camiseta argentina 2014 suplente,Camisetas de clubes/selecciones,590,LOW,16,52.34,213.0
camiseta boca 1998,Camisetas de clubes/selecciones,590,LOW,10,27.67,183.97
camiseta boca 2002,Camisetas de clubes/selecciones,590,LOW,8,0.0,0.0
camiseta de boca 2007,Camisetas de clubes/selecciones,590,LOW,5,0.0,0.0
camiseta de boca manga larga,Camisetas de clubes/selecciones,590,HIGH,100,37.16,156.19
camiseta de boca maradona,Camisetas de clubes/selecciones,590,LOW,24,16.48,157.32
camiseta de boca por año,Camisetas de clubes/selecciones,590,LOW,9,46.87,157.32
camiseta de boca suplente,Camisetas de clubes/selecciones,590,HIGH,76,60.89,157.35
camiseta de independiente negra,Camisetas de clubes/selecciones,590,MEDIUM,63,52.61,2863.75
camiseta de river 1996,Camisetas de clubes/selecciones,590,LOW,10,30.94,220.09
camiseta de river 2018,Camisetas de clubes/selecciones,590,LOW,13,36.24,158.06
camiseta del bayern,Camisetas de clubes/selecciones,590,MEDIUM,34,105.48,259.29
camiseta independiente rivadavia,Camisetas de clubes/selecciones,590,MEDIUM,35,54.66,2511.98
camiseta nueva san lorenzo,Camisetas de clubes/selecciones,590,HIGH,95,92.14,407.69
camisetas boca 2022,Camisetas de clubes/selecciones,590,LOW,18,61.12,246.95
haaland boca,Camisetas de clubes/selecciones,590,LOW,0,0.0,0.0
la camiseta de boca,Camisetas de clubes/selecciones,590,LOW,22,23.7,189.59
remera azul de argentina,Camisetas de clubes/selecciones,590,HIGH,84,33.28,148.68
remera de argentina azul,Camisetas de clubes/selecciones,590,HIGH,72,35.76,153.38
remera de river negra,Camisetas de clubes/selecciones,590,MEDIUM,54,31.8,156.11
remera retro argentina,Camisetas de clubes/selecciones,590,HIGH,100,49.04,217.92
remeras de river negra,Camisetas de clubes/selecciones,590,MEDIUM,54,31.8,156.11
selección argentina indumentaria,Camisetas de clubes/selecciones,590,HIGH,100,23.51,146.26
todas las camisetas de argentina,Camisetas de clubes/selecciones,590,LOW,9,15.12,164.59
tres estrellas argentina,Camisetas de clubes/selecciones,590,LOW,1,0.0,0.0
creatina myprotein,Suplementos,480,HIGH,100,72.42,433.92
colageno marino hidrolizado,Suplementos,480,HIGH,100,41.45,436.43
myprotein creatina,Suplementos,480,HIGH,100,72.42,433.92
suplementos para aumentar masa muscular,Suplementos,480,HIGH,99,147.42,434.74
suplementos para ganar masa muscular,Suplementos,480,HIGH,100,64.13,305.41
colageno natural,Suplementos,480,HIGH,96,10.81,463.84
creatina 1 kg,Suplementos,480,HIGH,100,121.84,515.86
creatina en polvo,Suplementos,480,HIGH,100,58.81,436.09
cuál es el mejor colágeno,Suplementos,480,HIGH,100,203.45,570.73
proteina creatina,Suplementos,480,HIGH,100,77.44,457.3
creatina hidrolizada,Suplementos,480,HIGH,100,92.92,541.12
centrum mujer 50,Suplementos,480,HIGH,100,56.48,240.19
creatina monohidratada precio,Suplementos,480,HIGH,100,24.19,212.1
proteinas para gym,Suplementos,480,HIGH,100,41.49,242.8
vitamina d para que sirve en la mujer,Suplementos,480,LOW,26,5.48,12.69
creatina natural,Suplementos,480,HIGH,97,8.04,251.5
centrum 50 mujer,Suplementos,480,HIGH,100,56.48,240.19
proteina gold,Suplementos,480,HIGH,100,55.03,340.05
creatina whey protein,Suplementos,480,HIGH,100,75.97,391.39
suplemento aminoacidos,Suplementos,480,HIGH,100,50.39,329.52
colageno ultraflex,Suplementos,480,HIGH,100,54.92,270.2
creatina mujeres,Suplementos,480,HIGH,100,33.85,462.95
precio colageno,Suplementos,480,HIGH,100,69.99,390.8
quemador de grasa pastillas,Suplementos,480,HIGH,100,36.93,308.32
para qué es el colágeno,Suplementos,480,MEDIUM,35,41.61,588.49
best whey proteina,Suplementos,480,HIGH,100,49.87,279.79
colageno es bueno tomarlo,Suplementos,480,HIGH,92,7.29,339.85
creatina mervick,Suplementos,480,HIGH,100,31.13,290.69
creatina star nutrition 1 kg,Suplementos,480,HIGH,100,106.05,456.43
la creatina daña los riñones,Suplementos,480,LOW,32,4.03,11.55
proteina ultratech,Suplementos,480,HIGH,100,41.15,272.63
quemador de grasa en pastilla,Suplementos,480,HIGH,100,36.93,308.32
ultra tech proteina,Suplementos,480,HIGH,100,41.15,272.63
joma padel,Padel,480,HIGH,100,73.82,447.46
nike padel,Padel,480,HIGH,100,54.67,278.91
paletero,Padel,480,HIGH,99,106.42,491.48
zapatillas nox,Calzado/ropa deportiva generica de marca (descartar - ultra competido),480,HIGH,100,75.23,295.8
pala padel nox,Padel,480,HIGH,100,66.95,349.32
zapatillas para padel mujer,Padel,480,HIGH,100,71.66,265.69
zapatillas adidas padel hombre,Padel,480,HIGH,100,67.55,244.18
zapatillas bullpadel mujer,Padel,480,HIGH,100,71.55,256.94
bolso paletero,Padel,480,HIGH,100,88.04,414.88
zapatillas padel puma,Padel,480,HIGH,100,82.33,2019.39
paleta vairo,Padel,480,HIGH,100,44.71,394.36
paletas de padel royal,Padel,480,HIGH,100,48.21,240.71
paleta nox at10,Padel,480,HIGH,100,73.6,368.88
paletas de padel precio,Padel,480,HIGH,100,32.87,164.99
zapatilla padel puma,Padel,480,HIGH,100,82.33,2019.39
pala de padel royal,Padel,480,HIGH,100,48.21,240.71
palas argentinas de padel,Padel,480,HIGH,100,156.12,624.87
paletas de paddle precios,Padel,480,HIGH,100,32.87,164.99
zapatilla puma padel,Padel,480,HIGH,100,82.33,2019.39
zapatillas de basquet hombre,Basquet,480,HIGH,100,63.37,324.57
aro de basquetbol profesional,Basquet,480,HIGH,100,97.15,972.57
zapatillas de básquet hombre,Basquet,480,HIGH,100,63.37,324.57
pelota de basquet n 7,Basquet,480,HIGH,100,58.82,306.18
pelota pintier voley,Voley,480,HIGH,100,23.89,197.78
luces de bicicleta,Ciclismo (accesorios),480,HIGH,100,13.74,254.36
luces para bicicleta recargables,Ciclismo (accesorios),480,HIGH,100,23.46,254.36
luz de bicicleta,Ciclismo (accesorios),480,HIGH,100,13.74,254.36
helmet casco,Ciclismo (accesorios),480,HIGH,94,32.51,225.23
luz para bicicleta recargable,Ciclismo (accesorios),480,HIGH,100,23.46,254.36
luces de bici,Ciclismo (accesorios),480,HIGH,100,13.74,254.36
luces para bici recargables,Ciclismo (accesorios),480,HIGH,100,23.46,254.36
luz de bici,Ciclismo (accesorios),480,HIGH,100,13.74,254.36
chaleco con peso,Crossfit,480,HIGH,100,47.58,481.07
anillas calistenia,Crossfit,480,HIGH,100,141.52,624.29
cajon de salto,Crossfit,480,HIGH,100,128.59,628.13
zapatillas trail running hombre,Atletismo/Running,480,HIGH,100,78.48,394.52
nike pegasus mujer,Atletismo/Running,480,HIGH,100,48.22,282.82
mejores zapatillas running,Atletismo/Running,480,HIGH,100,71.21,308.88
adidas adizero boston 12,Atletismo/Running,480,HIGH,100,61.43,207.68
cinta de caminar electrica,Atletismo/Running,480,HIGH,100,168.98,2981.53
running zapatillas,Atletismo/Running,480,HIGH,100,50.0,227.18
zapatillas adidas mujer running oferta,Atletismo/Running,480,HIGH,100,29.4,145.39
zapatillas fila mujer running,Atletismo/Running,480,HIGH,100,20.01,147.03
fallen zapatillas,Calzado/ropa deportiva generica de marca (descartar - ultra competido),480,HIGH,99,65.5,1136.28
zapatillas maraton,Atletismo/Running,480,HIGH,100,36.52,253.87
zapatillas i run hombre,Calzado/ropa deportiva generica de marca (descartar - ultra competido),480,HIGH,100,14.58,157.11
zapatilla adidas response,Calzado/ropa deportiva generica de marca (descartar - ultra competido),480,HIGH,100,45.43,221.5
zapatilla gore tex,Calzado/ropa deportiva generica de marca (descartar - ultra competido),480,HIGH,100,66.63,404.8
zapatillas i run originales,Calzado/ropa deportiva generica de marca (descartar - ultra competido),480,HIGH,100,19.14,171.57
camisetas de comprésion,Atletismo/Running,480,HIGH,100,82.43,664.93
runner zapatillas,Calzado/ropa deportiva generica de marca (descartar - ultra competido),480,HIGH,100,50.0,227.18
pelota de hockey,Hockey (cesped),480,MEDIUM,59,24.87,199.47
palos de hockey grays,Hockey (cesped),480,HIGH,100,37.79,238.94
palo hockey adidas,Hockey (cesped),480,HIGH,100,80.6,264.0
adidas hockey palos,Hockey (cesped),480,HIGH,100,80.6,264.0
adidas palo hockey,Hockey (cesped),480,HIGH,100,80.6,264.0
grays palo de hockey,Hockey (cesped),480,HIGH,100,37.79,238.94
osaka palo de hockey,Hockey (cesped),480,HIGH,99,47.32,286.04
palo adidas hockey,Hockey (cesped),480,HIGH,100,80.6,264.0
palos hockey adidas,Hockey (cesped),480,HIGH,100,80.6,264.0
hombreras rugby,Rugby,480,HIGH,100,48.0,257.97
casco de boxeo,Boxeo,480,HIGH,100,18.29,244.89
guantes de box,Boxeo,480,HIGH,100,29.9,256.0
guantes cleto reyes,Boxeo,480,HIGH,90,40.96,265.59
guantes everlast,Boxeo,480,HIGH,100,22.21,178.91
guantes de boxeo proyec,Boxeo,480,HIGH,100,17.02,161.71
corti guantes,Boxeo,480,HIGH,100,22.5,159.25
guantines corti,Boxeo,480,HIGH,100,22.5,159.25
aletas natacion,Natacion,480,HIGH,100,51.64,332.46
gorro de baño,Natacion,480,HIGH,88,28.27,250.04
mallas de natación hombre,Natacion,480,HIGH,100,50.33,283.83
cañas de pescar mercado libre,Pesca,480,HIGH,99,48.65,244.58
riles de pesca,Pesca,480,HIGH,100,15.85,171.74
caña waterdog,Pesca,480,HIGH,100,10.77,73.06
señuelo para tararira,Pesca,480,HIGH,99,13.89,179.55
sacos de dormir,Trekking/Camping,480,HIGH,89,47.1,374.42
carpa 2 personas,Trekking/Camping,480,HIGH,98,42.53,391.16
botas de trekking mujer,Trekking/Camping,480,HIGH,100,76.37,487.33
zapatillas trekking salomon,Trekking/Camping,480,HIGH,100,38.18,326.04
palos de trekking,Trekking/Camping,480,HIGH,100,46.45,375.42
botas montagne,Trekking/Camping,480,HIGH,99,94.23,3181.05
media carpa,Trekking/Camping,480,HIGH,95,11.59,153.59
carpa automatica,Trekking/Camping,480,HIGH,100,32.16,272.06
carpas inflables para camping,Trekking/Camping,480,HIGH,100,43.23,332.67
bolsa de dormir montagne,Trekking/Camping,480,HIGH,100,58.98,3365.57
montagne carpas,Trekking/Camping,480,HIGH,100,69.28,1838.52
zapatilla de montaña,Trekking/Camping,480,HIGH,100,56.24,349.24
palo de trekking,Trekking/Camping,480,HIGH,100,46.45,375.42
zapatillas impermeables trekking mujer,Trekking/Camping,480,HIGH,100,79.04,484.61
camiseta de boca 2023,Camisetas de clubes/selecciones,480,LOW,26,24.5,156.05
camiseta boca 2023,Camisetas de clubes/selecciones,480,LOW,31,70.21,416.56
camiseta de argentina adidas,Camisetas de clubes/selecciones,480,HIGH,100,30.44,136.52
whey protein chocolate,Suplementos,390,HIGH,100,54.25,378.08
centrum vitaminas,Suplementos,390,HIGH,100,68.67,282.35
creapure creatina,Suplementos,390,HIGH,100,71.98,586.93
colageno tipo 1,Suplementos,390,HIGH,91,41.21,458.07
optimum nutrition creatina,Suplementos,390,HIGH,100,95.7,591.33
colageno para el pelo,Suplementos,390,HIGH,100,85.42,627.16
colageno hidrolizado en polvo,Suplementos,390,HIGH,100,84.19,836.84
venta de suplementos deportivos,Suplementos,390,HIGH,99,129.95,491.92
platinum whey protein,Suplementos,390,HIGH,100,84.88,448.94
centrum hombre para que sirve,Suplementos,390,MEDIUM,38,101.34,294.29
whey protein vainilla,Suplementos,390,HIGH,100,82.6,437.71
proteina whey vainilla,Suplementos,390,HIGH,100,82.6,437.71
whey protein advanced,Suplementos,390,HIGH,100,50.65,312.72
hidrolizado,Suplementos,390,MEDIUM,52,60.97,371.93
suplemento de proteína,Suplementos,390,HIGH,100,69.27,453.93
tienda de suplementos cerca de mi,Suplementos,390,MEDIUM,61,128.24,452.8
isoleucina,Suplementos,390,LOW,7,6.23,202.44
gentech whey protein,Suplementos,390,HIGH,100,54.19,360.66
colageno garden house,Suplementos,390,HIGH,100,69.76,271.68
true made whey protein,Suplementos,390,HIGH,100,63.36,331.58
zapatillas wilson padel,Padel,390,HIGH,99,59.4,281.01
mochila bullpadel,Padel,390,HIGH,100,69.39,396.89
mochila de padel,Padel,390,HIGH,100,88.57,394.92
pala de padel wilson,Padel,390,HIGH,100,44.89,258.41
zapatillas bullpadel hombre,Padel,390,HIGH,100,70.17,272.96
paleta royal,Padel,390,HIGH,100,37.07,285.68
bolso bullpadel,Padel,390,HIGH,100,72.54,365.22
paleta wilson,Padel,390,HIGH,100,30.95,300.28
paletas wilson,Padel,390,HIGH,100,30.95,300.28
paleta noac,Padel,390,HIGH,100,27.9,393.25
paleta urich,Padel,390,HIGH,99,42.62,469.07
urich paleta,Padel,390,HIGH,99,42.62,469.07
wilson pádel,Padel,390,HIGH,93,89.63,431.91
topper basquet,Basquet,390,HIGH,100,104.99,1065.78
zapatillas de basquet jordan,Basquet,390,HIGH,100,43.17,258.13
zapatillas de basquet puma,Basquet,390,HIGH,100,46.31,758.91
zapatos de basquet jordan,Basquet,390,HIGH,100,43.17,258.13
zapatillas asics mujer voley,Voley,390,HIGH,100,29.15,292.98
mizuno voley,Voley,390,HIGH,100,25.58,173.59
zapatillas de voley adidas,Voley,390,HIGH,100,25.68,193.44
zapatos de voley,Voley,390,HIGH,94,27.12,200.32
zapatillas de voley nike,Voley,390,HIGH,100,27.79,134.57
red de voley profesional,Voley,390,HIGH,100,71.29,618.51
zapas de voley,Voley,390,HIGH,94,27.12,200.32
zapatilla de voley adidas,Voley,390,HIGH,100,25.68,193.44
zapatillas mtb,Ciclismo (accesorios),390,HIGH,100,61.84,442.86
ropa ciclismo,Ciclismo (accesorios),390,HIGH,99,90.85,572.1
zapatillas ciclismo,Ciclismo (accesorios),390,HIGH,100,60.6,488.99
ropa de ciclismo,Ciclismo (accesorios),390,HIGH,100,107.21,522.5
casco ciclismo,Ciclismo (accesorios),390,HIGH,100,48.97,326.31
luces bicicleta,Ciclismo (accesorios),390,HIGH,100,40.85,376.9
zapatilla mtb,Ciclismo (accesorios),390,HIGH,100,61.84,442.86
casco para bicicleta mujer,Ciclismo (accesorios),390,HIGH,100,37.55,254.36
ciclismo ropa,Ciclismo (accesorios),390,HIGH,99,90.85,572.1
luces bici,Ciclismo (accesorios),390,HIGH,100,40.85,376.9
zapatillas cicloturismo,Calzado/ropa deportiva generica de marca (descartar - ultra competido),390,HIGH,100,60.6,488.99
casco para bici mujer,Ciclismo (accesorios),390,HIGH,100,37.55,254.36
ropa cicloturismo,Ciclismo (accesorios),390,HIGH,99,90.85,572.1
ropa de ciclistas,Ciclismo (accesorios),390,HIGH,100,107.21,522.5
zapatillas ciclomontañismo,Calzado/ropa deportiva generica de marca (descartar - ultra competido),390,HIGH,100,60.6,488.99
saltos cajon,Crossfit,390,LOW,12,0.0,0.0
adidas terrex agravic,Atletismo/Running,390,HIGH,100,62.3,214.61
zapatillas beige mujer,Calzado/ropa deportiva generica de marca (descartar - ultra competido),390,HIGH,100,45.9,228.34
mochila hidratacion,Atletismo/Running,390,HIGH,100,46.07,478.8
zapatillas 12 cuotas sin interes,Calzado/ropa deportiva generica de marca (descartar - ultra competido),390,HIGH,100,142.72,586.94
chaleco hidratacion,Atletismo/Running,390,HIGH,100,74.54,694.37
zapatillas asics running hombre,Atletismo/Running,390,HIGH,100,39.75,313.17
zapatillas nike pegasus,Calzado/ropa deportiva generica de marca (descartar - ultra competido),390,HIGH,100,47.52,237.84
zapatillas new balance mujer running,Atletismo/Running,390,HIGH,100,22.96,153.55
adidas duramo mujer,Atletismo/Running,390,HIGH,100,51.12,156.96
adidas para correr,Atletismo/Running,390,HIGH,99,60.51,145.51
adidas zapatillas running,Atletismo/Running,390,HIGH,100,52.71,146.83
zapatillas reebok mujer running,Atletismo/Running,390,HIGH,100,25.19,125.81
zapatillas para running,Atletismo/Running,390,HIGH,99,40.65,207.59
zapatillas nike para correr,Atletismo/Running,390,HIGH,100,23.87,137.47
adidas barricade hombre,Atletismo/Running,390,HIGH,100,62.22,366.32
zapatillas new balance running,Atletismo/Running,390,HIGH,100,19.74,156.65
asics amarillas,Atletismo/Running,390,HIGH,100,40.76,281.44
zapatillas adidas samba hombre,Calzado/ropa deportiva generica de marca (descartar - ultra competido),390,HIGH,100,51.37,147.53
zapatillas running mujer recomendadas,Atletismo/Running,390,HIGH,99,46.73,187.04
zapatillas adidas galaxy 6 hombre,Calzado/ropa deportiva generica de marca (descartar - ultra competido),390,HIGH,100,33.44,146.86
trail nike pegasus,Atletismo/Running,390,HIGH,100,82.24,389.03
zapatillas fila running,Atletismo/Running,390,HIGH,100,27.23,209.48
adidas run 60's,Atletismo/Running,390,HIGH,100,53.8,147.52
zapatillas adidas galaxy,Calzado/ropa deportiva generica de marca (descartar - ultra competido),390,HIGH,100,35.51,145.39
new balance zapatillas running,Atletismo/Running,390,HIGH,100,19.74,156.65
zapatilla blanca con plataforma,Calzado/ropa deportiva generica de marca (descartar - ultra competido),390,HIGH,100,49.77,294.64
asics negra,Atletismo/Running,390,HIGH,100,39.05,328.75
avia zapatillas mujer,Calzado/ropa deportiva generica de marca (descartar - ultra competido),390,HIGH,100,26.06,157.35
zapatilla lecoq mujer,Calzado/ropa deportiva generica de marca (descartar - ultra competido),390,HIGH,99,18.52,155.77
palo osaka,Hockey (cesped),390,HIGH,99,55.84,226.67
guantes de boxeo venum,Boxeo,390,HIGH,100,22.76,224.69
guantes kick boxing,Boxeo,390,HIGH,100,39.13,335.19
guantes winning,Boxeo,390,HIGH,70,59.85,164.38
bolsa boxeo,Boxeo,390,HIGH,100,37.66,290.45
tienda de boxeo cerca de mi,Boxeo,390,HIGH,73,139.23,378.26
bucal para boxeo,Boxeo,390,HIGH,99,13.2,177.85
guante kick boxing,Boxeo,390,HIGH,100,39.13,335.19
guantines,Boxeo,390,HIGH,98,19.63,168.57
traje de baño natacion mujer,Natacion,390,HIGH,100,53.89,366.5
antiparras speedo,Natacion,390,HIGH,100,40.82,299.25
señuelos rapala,Pesca,390,HIGH,100,27.02,363.61
caja de pesca completa,Pesca,390,HIGH,100,26.74,343.67
anzuelo para boga,Pesca,390,HIGH,78,6.64,130.71
anzuelo para pejerrey,Pesca,390,HIGH,100,16.84,122.33
caña mojarrera,Pesca,390,HIGH,97,14.28,127.11
pescar a spinning,Pesca,390,MEDIUM,66,53.91,288.37
reel spinit,Pesca,390,HIGH,100,13.79,132.79
señuelo para dorados,Pesca,390,HIGH,100,13.17,134.84
carpas camping,Trekking/Camping,390,HIGH,99,45.48,538.17
sacos de dormir bebe,Trekking/Camping,390,HIGH,99,65.57,448.24
carpas para acampar,Trekking/Camping,390,HIGH,99,26.23,374.07
carpa doite,Trekking/Camping,390,HIGH,100,50.64,364.69
mochila trekking 30 litros,Trekking/Camping,390,HIGH,100,109.62,533.05
carpa para camioneta,Trekking/Camping,390,HIGH,100,46.32,276.18
bolsa para dormir,Trekking/Camping,390,HIGH,99,28.65,274.2
deuter mochilas,Trekking/Camping,390,HIGH,100,60.21,380.8
zapatillas adidas trekking,Trekking/Camping,390,HIGH,100,55.44,174.08
carpa para 4 personas impermeable,Trekking/Camping,390,HIGH,100,45.78,421.48
bolsa de dormir alta montaña,Trekking/Camping,390,HIGH,100,80.64,650.53
carpas iglu,Trekking/Camping,390,HIGH,98,60.82,680.04
mercado libre carpas,Trekking/Camping,390,HIGH,100,105.61,359.16
carpas para techo de auto,Trekking/Camping,390,HIGH,100,53.94,251.57
carpa iglu 4 personas,Trekking/Camping,390,HIGH,100,34.74,335.12
mochila trekking 30l,Trekking/Camping,390,HIGH,100,109.62,533.05
camping carpas,Trekking/Camping,390,HIGH,99,45.48,538.17
carpas cacique,Trekking/Camping,390,MEDIUM,57,115.86,748.65
carpas gazebos,Trekking/Camping,390,HIGH,100,57.1,491.92
mochila trekking 30 l,Trekking/Camping,390,HIGH,100,109.62,533.05
zapatillas de padel asics,Padel,320,HIGH,100,74.18,417.54
pala padel bullpadel,Padel,320,HIGH,100,66.78,282.14
zapatillas head padel,Padel,320,HIGH,100,49.29,224.15
overgrips,Padel,320,HIGH,86,45.59,357.74
bolso padel mujer,Padel,320,HIGH,100,101.2,422.28
grip pala padel,Padel,320,HIGH,98,34.56,234.41
paletas royal,Padel,320,HIGH,100,68.41,363.82
cigio padel,Padel,320,HIGH,98,53.62,200.17
odea padel,Padel,320,HIGH,91,67.28,366.17
bullpadel onyx,Padel,320,HIGH,100,62.35,314.33
paleta cigio,Padel,320,HIGH,100,40.38,157.21
paletas cigio,Padel,320,HIGH,100,40.38,157.21
zapatilla padel head,Padel,320,HIGH,100,49.29,224.15
zapatillas peak basquet,Basquet,320,HIGH,100,37.89,265.15
aro de basquet con pie,Basquet,320,HIGH,100,80.23,305.95
zapatillas de basquet nike mujer,Basquet,320,HIGH,100,39.33,145.56
aro de basquetbol mini,Basquet,320,HIGH,99,33.83,279.51
nike basquet zapatillas,Basquet,320,HIGH,100,41.93,201.23
pelota de basquet n 5,Basquet,320,HIGH,100,62.7,349.82
zapatillas para voley hombre,Voley,320,HIGH,99,28.44,242.76
red voley,Voley,320,HIGH,98,45.32,430.95
zapatillas de voley asics,Voley,320,HIGH,100,27.46,188.54
pelota de voley molten,Voley,320,HIGH,100,16.98,188.71
pelota de voley pintier,Voley,320,HIGH,100,22.32,208.75
pelota de voley printer,Voley,320,HIGH,100,22.32,208.75
zapatillas de ciclismo,Ciclismo (accesorios),320,HIGH,100,44.51,378.39
zapatillas shimano mtb,Ciclismo (accesorios),320,HIGH,100,55.94,336.66
luz bicicleta,Ciclismo (accesorios),320,HIGH,100,28.92,364.57
zapatillas mtb shimano,Ciclismo (accesorios),320,HIGH,100,55.94,336.66
linterna para bicicleta,Ciclismo (accesorios),320,HIGH,100,14.96,291.3
luces led para bicicletas,Ciclismo (accesorios),320,HIGH,100,23.26,290.58
luz bici,Ciclismo (accesorios),320,HIGH,100,28.92,364.57
linterna para bici,Ciclismo (accesorios),320,HIGH,100,14.96,291.3
luces led para bici,Ciclismo (accesorios),320,HIGH,100,23.26,290.58
racing club indumentaria,Ciclismo (accesorios),320,HIGH,100,37.89,280.89
zapatillas de ciclomontañismo,Calzado/ropa deportiva generica de marca (descartar - ultra competido),320,HIGH,100,44.51,378.39
zapatillas shimano mountain bike,Calzado/ropa deportiva generica de marca (descartar - ultra competido),320,HIGH,100,55.94,336.66
chaleco de peso,Crossfit,320,HIGH,100,45.78,480.81
mochila de hidratacion,Atletismo/Running,320,HIGH,100,46.28,464.24
adidas run 70s,Atletismo/Running,320,HIGH,100,62.64,195.24
zapatillas de running hombre,Atletismo/Running,320,HIGH,100,58.24,276.67
zapatillas brooks mujer,Calzado/ropa deportiva generica de marca (descartar - ultra competido),320,HIGH,100,37.77,206.27
zapatillas de correr,Atletismo/Running,320,HIGH,100,47.2,201.7
duramo sl,Atletismo/Running,320,HIGH,100,67.55,297.2
hoka zapatillas mujer,Calzado/ropa deportiva generica de marca (descartar - ultra competido),320,HIGH,100,33.45,186.42
zapatillas ultraboost,Calzado/ropa deportiva generica de marca (descartar - ultra competido),320,HIGH,100,60.59,227.41
nike vomero mujer,Atletismo/Running,320,HIGH,100,43.74,229.73
cinta para caminar electrica,Atletismo/Running,320,HIGH,100,159.89,3174.09
puma running hombre,Atletismo/Running,320,HIGH,100,68.03,1484.1
zapatillas reebok hombre running,Atletismo/Running,320,HIGH,100,20.83,122.47
zapatillas para running mujer,Atletismo/Running,320,HIGH,100,47.21,221.6
zapatillas cloud,Calzado/ropa deportiva generica de marca (descartar - ultra competido),320,HIGH,100,45.79,250.13
zapatillas supernova,Calzado/ropa deportiva generica de marca (descartar - ultra competido),320,HIGH,100,50.45,155.77
adidas terrex botas,Atletismo/Running,320,HIGH,100,53.03,193.49
zapatillas saucony running,Atletismo/Running,320,HIGH,100,46.01,284.29
zapatillas para chicos,Calzado/ropa deportiva generica de marca (descartar - ultra competido),320,HIGH,100,42.24,688.28
zapatillas fila hombre running,Atletismo/Running,320,HIGH,100,20.52,145.95
zapatillas para salir mujer,Calzado/ropa deportiva generica de marca (descartar - ultra competido),320,HIGH,100,57.61,579.94
saucony zapatillas running,Atletismo/Running,320,HIGH,100,46.01,284.29
zapatillas running saucony,Atletismo/Running,320,HIGH,100,46.01,284.29
zapatillas con aire,Calzado/ropa deportiva generica de marca (descartar - ultra competido),320,MEDIUM,53,40.69,206.78
chaleco de hidratación running,Atletismo/Running,320,HIGH,100,91.47,637.19
zapatillas running hombre reebok,Atletismo/Running,320,HIGH,100,20.83,122.47
zapatillas training mujer nike,Calzado/ropa deportiva generica de marca (descartar - ultra competido),320,HIGH,100,36.8,182.97
zapatillas reebok running hombre,Atletismo/Running,320,HIGH,100,20.83,122.47
zapatillas running reebok hombre,Atletismo/Running,320,HIGH,100,20.83,122.47
zapatilla mujer outdoor,Calzado/ropa deportiva generica de marca (descartar - ultra competido),320,HIGH,100,92.94,464.38
i run indumentaria,Atletismo/Running,320,HIGH,99,25.91,329.9
adidas camara de aire,Atletismo/Running,320,HIGH,76,26.34,178.48
adidas pb bounce,Atletismo/Running,320,MEDIUM,43,89.78,146.71
palos de hockey vlack,Hockey (cesped),320,HIGH,99,79.73,373.14
bucal hockey,Hockey (cesped),320,HIGH,99,21.99,213.35
palo de hockey 100 carbono,Hockey (cesped),320,HIGH,100,64.13,254.36
botines de rugby adidas,Rugby,320,HIGH,100,39.46,145.78
gilbert pelota de rugby,Rugby,320,HIGH,100,34.14,169.43
gilbert pelotas de rugby,Rugby,320,HIGH,100,34.14,169.43
tienda de boxeo,Boxeo,320,HIGH,92,99.52,396.48
guantes boxeo everlast,Boxeo,320,HIGH,100,29.65,221.27
guantes de boxeo 14 onzas,Boxeo,320,HIGH,100,39.79,298.34
guantes ufc,Boxeo,320,HIGH,68,15.75,209.48
guantes de box adidas,Boxeo,320,HIGH,100,18.16,144.66
guantes de boxeo 12 onzas,Boxeo,320,HIGH,100,32.68,299.25
guantes de box 12 oz,Boxeo,320,HIGH,100,32.68,299.25
guantes de boxeo 14 oz,Boxeo,320,HIGH,100,39.79,298.34
bolsa de boxeo y guantes,Boxeo,320,HIGH,100,36.03,321.14
bolsa de boxeo de pie,Boxeo,320,HIGH,100,45.45,295.99
guantes de boxeo para ninos,Boxeo,320,HIGH,96,15.32,199.07
guantines de entrenamiento,Boxeo,320,HIGH,100,34.35,246.89
gorro para natacion,Natacion,320,HIGH,99,18.09,139.43
antiparras hydro,Natacion,320,HIGH,100,21.28,143.74
antiparra hydro,Natacion,320,HIGH,100,21.28,143.74
caña okuma,Pesca,320,HIGH,100,10.73,134.34
cucharas pesca,Pesca,320,HIGH,89,46.16,305.9
cucharilla de pesca,Pesca,320,HIGH,99,20.12,224.44
lineas para bogas,Pesca,320,MEDIUM,60,23.46,104.65
lineas para carpa,Pesca,320,HIGH,70,6.46,125.81
lineas para pejerrey de fondo,Pesca,320,HIGH,76,19.83,96.6
popper señuelo,Pesca,320,HIGH,100,69.75,425.86
precio de ril de pesca,Pesca,320,HIGH,99,9.43,73.06
reel rotativo okuma,Pesca,320,HIGH,100,13.52,164.59
reeles rotativos okuma,Pesca,320,HIGH,100,13.52,164.59
zapatillas senderismo,Trekking/Camping,320,HIGH,100,86.15,476.11
zapatos de trekking,Trekking/Camping,320,HIGH,100,59.8,444.63
botas adidas terrex,Trekking/Camping,320,HIGH,100,53.03,193.49
carpa coleman 6 personas,Trekking/Camping,320,HIGH,100,29.93,244.07
precio de carpas,Trekking/Camping,320,HIGH,99,15.16,218.8
carpa coleman 4 personas,Trekking/Camping,320,HIGH,100,50.1,273.06
zapatilla senderismo mujer,Trekking/Camping,320,HIGH,100,78.36,461.18
carpa para 3 personas,Trekking/Camping,320,HIGH,100,20.31,271.88
carpas para camping 4 personas,Trekking/Camping,320,HIGH,100,33.27,191.49
zapatilla trekking impermeable,Trekking/Camping,320,HIGH,100,95.65,533.68
precio de carpas para 4 personas,Trekking/Camping,320,HIGH,100,14.38,104.74
carpa canadiense para 4 personas,Trekking/Camping,320,HIGH,94,16.82,161.74
carpa waterdog,Trekking/Camping,320,HIGH,100,39.22,319.76
carpa inflable tipo casa,Trekking/Camping,320,HIGH,100,29.51,238.18
paletero padel,Padel,260,HIGH,100,122.7,421.32
pala padel babolat,Padel,260,HIGH,100,69.0,369.61
palas padel adidas,Padel,260,HIGH,100,80.95,311.21
adidas pala padel,Padel,260,HIGH,100,80.95,311.21
zapatillas de padel nike,Padel,260,HIGH,100,48.84,231.46
paletas de padel mercado libre,Padel,260,HIGH,100,81.01,351.89
mochilas nox,Padel,260,HIGH,100,68.99,354.93
zapatillas asic padel hombre,Padel,260,HIGH,100,78.84,478.95
paleta padel mujer,Padel,260,HIGH,100,72.32,306.73
paletas de padel vairo,Padel,260,HIGH,100,37.43,323.83
paletera padel,Padel,260,HIGH,100,122.7,421.32
paleta sane,Padel,260,HIGH,98,46.37,390.37
paleta drop shot,Padel,260,HIGH,100,48.46,505.38
paleta odea,Padel,260,HIGH,100,53.96,431.58
babolat padel pala,Padel,260,HIGH,100,69.0,369.61
grip para paleta de padel,Padel,260,HIGH,100,31.01,254.36
pala adidas pádel,Padel,260,HIGH,100,80.95,311.21
paleta bullpadel mujer,Padel,260,HIGH,100,61.61,217.71
paleta nox tapia,Padel,260,HIGH,100,57.0,318.56
paletas odea,Padel,260,HIGH,100,53.96,431.58
paletas padel babolat,Padel,260,HIGH,100,69.0,369.61
zapatillas de basquet under armour,Basquet,260,HIGH,100,27.47,147.19
tablero basquet,Basquet,260,HIGH,100,89.45,324.83
under armour basquet,Basquet,260,HIGH,100,42.42,270.59
zapatillas jordan basquet,Basquet,260,HIGH,100,48.85,213.25
pelota de basquet png,Basquet,260,LOW,0,0.0,0.0
zapatillas jordan básquet,Basquet,260,HIGH,100,48.85,213.25
asics voley mujer,Voley,260,HIGH,100,27.96,346.62
pelota de voley original,Voley,260,HIGH,99,19.58,139.7
pelota de voley rosa,Voley,260,MEDIUM,48,7.6,140.43
pelota de voley rosada,Voley,260,MEDIUM,48,7.6,140.43
rodillera asics voley,Voley,260,HIGH,100,25.54,205.77
zapatillas ciclismo mtb,Ciclismo (accesorios),260,HIGH,100,70.31,395.68
luz trasera bici,Ciclismo (accesorios),260,HIGH,100,24.88,326.32
casco bicicleta mujer,Ciclismo (accesorios),260,HIGH,100,49.93,306.12
casco bicicleta hombre,Ciclismo (accesorios),260,HIGH,100,46.98,318.46
luz trasera bicicleta,Ciclismo (accesorios),260,HIGH,100,24.88,326.32
cascos giro,Ciclismo (accesorios),260,HIGH,100,34.92,267.39
zapatillas para bicicleta,Ciclismo (accesorios),260,HIGH,100,39.29,294.58
casco bici mujer,Ciclismo (accesorios),260,HIGH,100,49.93,306.12
indumentaria ciclismo,Ciclismo (accesorios),260,HIGH,100,88.66,640.55
casco bici hombre,Ciclismo (accesorios),260,HIGH,100,46.98,318.46
zapatillas para bici,Ciclismo (accesorios),260,HIGH,100,39.29,294.58
zapatillas adidas para salir,Calzado/ropa deportiva generica de marca (descartar - ultra competido),260,HIGH,100,51.34,145.58
zapatillas ciclismo mountain bike,Ciclismo (accesorios),260,HIGH,100,70.31,395.68
anillas gimnasia,Crossfit,260,HIGH,91,71.89,603.82
battle rope ejercicios,Crossfit,260,MEDIUM,35,82.69,404.56
zapatillas trail mujer,Atletismo/Running,260,HIGH,100,50.98,330.83
adidas supernova hombre,Atletismo/Running,260,HIGH,100,42.33,174.57
zapatillas de trail,Atletismo/Running,260,HIGH,100,80.95,384.75
ofertas zapatillas running,Atletismo/Running,260,HIGH,100,39.58,193.96
salomon negras,Atletismo/Running,260,HIGH,99,38.58,288.36
zapatillas cq,Calzado/ropa deportiva generica de marca (descartar - ultra competido),260,HIGH,100,36.52,166.36
bolsa de hidratacion,Atletismo/Running,260,HIGH,100,45.59,423.97
zapatillas running puma,Atletismo/Running,260,HIGH,100,58.98,1111.45
precio cinta caminadora,Atletismo/Running,260,HIGH,100,68.04,3187.06
cinta para correr eléctrica,Atletismo/Running,260,HIGH,100,218.22,3173.98
zapatillas kd,Calzado/ropa deportiva generica de marca (descartar - ultra competido),260,HIGH,100,61.62,289.0
zapatillas addnice adultos,Calzado/ropa deportiva generica de marca (descartar - ultra competido),260,HIGH,100,16.11,117.29
zapatillas adidas hombre running ultra boost,Atletismo/Running,260,MEDIUM,53,62.26,147.52
pantalon topper,Calzado/ropa deportiva generica de marca (descartar - ultra competido),260,HIGH,100,52.92,1426.58
zapatillas puma beige,Calzado/ropa deportiva generica de marca (descartar - ultra competido),260,HIGH,100,74.54,1126.93
zapatillas brooks running,Atletismo/Running,260,HIGH,100,39.51,193.65
palo de hockey reves,Hockey (cesped),260,HIGH,99,28.97,237.97
palo de hockey sobre cesped,Hockey (cesped),260,HIGH,98,51.66,271.8
botines canterbury,Rugby,260,HIGH,100,43.36,155.77
botines para rugby,Rugby,260,HIGH,100,35.97,156.06
vendas para box,Boxeo,260,HIGH,100,19.77,177.84
casco boxeo,Boxeo,260,HIGH,100,30.18,280.81
guantes boxeo venum,Boxeo,260,HIGH,100,30.05,254.36
manoplas boxeo,Boxeo,260,HIGH,93,31.63,259.06
guantes boxeo adidas,Boxeo,260,HIGH,100,29.51,151.04
guantes de ufc,Boxeo,260,HIGH,79,9.12,158.62
bucal de boxeo,Boxeo,260,HIGH,89,12.23,214.9
bolsa de boxeo everlast,Boxeo,260,HIGH,100,27.87,193.29
bolsa de boxeo mercado libre,Boxeo,260,HIGH,100,93.67,311.7
bronx guantes,Boxeo,260,HIGH,100,44.74,309.73
ropa de natacion,Natacion,260,HIGH,89,66.08,457.7
cañas para pescar,Pesca,260,HIGH,100,26.06,213.52
caña de pescar profesional,Pesca,260,HIGH,100,31.09,189.47
caña de pescar shimano,Pesca,260,HIGH,99,25.03,172.15
caña pescar,Pesca,260,HIGH,96,29.09,297.66
caña de pescar telescopica,Pesca,260,HIGH,100,25.38,314.22
caña baitcasting,Pesca,260,HIGH,100,29.03,263.69
cana para pescar,Pesca,260,HIGH,100,26.06,213.52
caña marine sport,Pesca,260,HIGH,99,7.72,79.01
caña para pejerrey,Pesca,260,HIGH,99,19.77,165.39
caña surfish,Pesca,260,HIGH,92,16.25,72.31
cañas de pescar cerca de mi,Pesca,260,LOW,26,0.0,0.0
reel para pesca,Pesca,260,HIGH,98,22.64,209.48
robador pesca,Pesca,260,HIGH,99,24.45,179.55
señuelo don kb,Pesca,260,HIGH,85,27.48,167.67
señuelo para pejerrey,Pesca,260,HIGH,100,20.96,216.95
señuelo rojo,Pesca,260,LOW,6,0.0,0.0
botas de montaña,Trekking/Camping,260,HIGH,100,62.08,470.96
bastones trekking,Trekking/Camping,260,HIGH,100,114.75,605.74
carpa 8 personas,Trekking/Camping,260,HIGH,95,32.6,300.41
zapatos trekking,Trekking/Camping,260,HIGH,100,64.11,478.29
botas trekking mujer impermeables,Trekking/Camping,260,HIGH,100,93.78,562.76
mochila para trekking,Trekking/Camping,260,HIGH,100,60.23,517.2
zapatillas para montaña,Trekking/Camping,260,HIGH,100,51.59,366.74
carpas precio,Trekking/Camping,260,HIGH,100,16.51,188.45
carpas playeras,Trekking/Camping,260,HIGH,100,52.97,297.06
bastones de trekking plegables,Trekking/Camping,260,HIGH,100,87.05,407.0
bastones para trekking,Trekking/Camping,260,HIGH,100,52.67,452.66
iglu para playa,Trekking/Camping,260,HIGH,100,29.98,145.53
carpas para camping 6 personas,Trekking/Camping,260,HIGH,100,34.96,259.21
carpa baño camping,Trekking/Camping,260,HIGH,100,44.73,354.64
carpas para playa autoarmables,Trekking/Camping,260,HIGH,100,59.19,363.69
bolsas para dormir bebes,Trekking/Camping,260,HIGH,100,58.27,481.62
bastón trekking,Trekking/Camping,260,HIGH,100,114.75,605.74
baston para trekking,Trekking/Camping,260,HIGH,100,52.67,452.66
bolsa de dormir mercado libre,Trekking/Camping,260,HIGH,100,74.26,427.36
carpas playeras automaticas,Trekking/Camping,260,HIGH,100,27.03,394.56
baño carpa,Trekking/Camping,260,HIGH,100,46.17,284.46
carpa 8 persona,Trekking/Camping,260,HIGH,95,32.6,300.41
carpa canadiense para 6 personas,Trekking/Camping,260,HIGH,100,24.49,177.81
carpa para cuatro personas,Trekking/Camping,260,HIGH,100,21.74,248.37
carpas cerca de mi,Trekking/Camping,260,MEDIUM,59,0.0,0.0
cocinilla mini,Trekking/Camping,260,HIGH,90,31.51,228.32
naturehike carpa,Trekking/Camping,260,HIGH,100,40.17,360.84
spinit carpas,Trekking/Camping,260,HIGH,100,45.59,333.54
palas padel,Padel,210,HIGH,100,140.31,632.07
overgrip padel,Padel,210,HIGH,100,52.15,371.28
asics padel hombre,Padel,210,HIGH,100,86.85,552.74
paletero bullpadel,Padel,210,HIGH,100,83.17,358.04
asics padel mujer,Padel,210,HIGH,100,81.4,484.66
paletero adidas,Padel,210,HIGH,100,96.26,415.8
zapatillas nox padel,Padel,210,HIGH,100,79.83,271.03
pelotas de padel por mayor,Padel,210,HIGH,100,91.53,548.79
zapatillas para jugar al padel,Padel,210,HIGH,100,62.11,218.44
zapatillas adidas para padel,Padel,210,HIGH,100,62.64,182.27
paleta wilson bela,Padel,210,HIGH,100,34.26,392.62
zapas de padel,Padel,210,HIGH,100,94.31,283.08
asic padel mujer,Padel,210,HIGH,100,81.4,484.66
bullpadel onyx control,Padel,210,HIGH,100,59.48,304.79
adidas paletero,Padel,210,HIGH,100,96.26,415.8
asics hombre padel,Padel,210,HIGH,100,86.85,552.74
palas de padel carbono,Padel,210,HIGH,100,90.14,349.49
paleta bullpadel vertex,Padel,210,HIGH,100,57.65,284.94
suela zapatillas padel,Padel,210,HIGH,89,104.73,327.64
adidas paleta de padel,Padel,210,HIGH,100,75.01,225.93
bullpadel onyx ctrl,Padel,210,HIGH,100,59.48,304.79
head paleta,Padel,210,HIGH,99,73.66,500.31
paleta de padel coast,Padel,210,HIGH,100,45.33,256.5
paleta hirostar,Padel,210,HIGH,100,45.07,330.75
paleta joma,Padel,210,HIGH,100,53.78,374.37
paleta trexx,Padel,210,HIGH,95,34.52,625.23
paletas de padel coast,Padel,210,HIGH,100,45.33,256.5
paletas hirostar,Padel,210,HIGH,100,45.07,330.75
precio raquetas de padel,Padel,210,HIGH,99,29.12,183.43
precios palas,Padel,210,HIGH,71,10.99,74.37
zapatillas para padel adidas,Padel,210,HIGH,100,62.64,182.27
zapatos de pádel,Padel,210,HIGH,100,94.31,283.08
zapatillas de basquet topper,Basquet,210,HIGH,100,51.82,850.86
zapatillas de basquet ofertas,Basquet,210,HIGH,100,53.1,189.15
zapatillas 361 basquet,Basquet,210,HIGH,98,42.25,276.84
zapatillas under armour basquet,Basquet,210,HIGH,100,36.76,229.48
zapatillas de basquet nike hombre,Basquet,210,HIGH,100,51.79,173.78
aro de basquet con tablero,Basquet,210,HIGH,100,82.06,305.33
aro de basquetbol con tablero,Basquet,210,HIGH,100,82.06,305.33
pelota basquet n 7,Basquet,210,HIGH,100,87.61,484.78
pelota basquet n7,Basquet,210,HIGH,100,87.61,484.78
zapatilla 361 basquet,Basquet,210,HIGH,98,42.25,276.84
rodilleras voley mujer,Voley,210,HIGH,100,25.19,254.64
zapatillas adidas voley mujer,Voley,210,HIGH,100,27.77,168.71
pelota molten voley,Voley,210,HIGH,100,24.48,223.3
zapatillas para jugar voley,Voley,210,HIGH,100,35.65,298.26
pelota de voley wilson,Voley,210,HIGH,94,14.62,116.95
pelota de voley mercado libre,Voley,210,HIGH,100,27.4,202.4
pelota de voley png,Voley,210,LOW,0,0.0,0.0
precio de red de voley,Voley,210,HIGH,100,29.33,377.04
zapatilla para jugar voley,Voley,210,HIGH,100,35.65,298.26
zapatillas de voley mujer adidas,Voley,210,MEDIUM,66,26.31,117.69
casco de ciclismo,Ciclismo (accesorios),210,HIGH,99,22.43,320.47
guantes de ciclismo,Ciclismo (accesorios),210,HIGH,100,34.18,320.06
guantes ciclismo,Ciclismo (accesorios),210,HIGH,100,50.87,547.92
guantes de bicicleta,Ciclismo (accesorios),210,HIGH,100,22.26,292.16
guantes de bici,Ciclismo (accesorios),210,HIGH,100,22.26,292.16
casco de ciclomontañismo,Ciclismo (accesorios),210,HIGH,99,22.43,320.47
luces para bicicleta delantera y trasera,Ciclismo (accesorios),210,HIGH,100,21.87,254.36
remera ciclismo hombre,Ciclismo (accesorios),210,HIGH,100,58.1,534.14
remera de ciclismo,Ciclismo (accesorios),210,HIGH,100,45.04,299.25
remeras ciclistas,Ciclismo (accesorios),210,HIGH,100,50.88,487.8
savage zapatillas,Calzado/ropa deportiva generica de marca (descartar - ultra competido),210,HIGH,98,13.85,157.26
zapatillas con cámara,Calzado/ropa deportiva generica de marca (descartar - ultra competido),210,MEDIUM,57,33.98,210.45
chaleco lastrado,Crossfit,210,HIGH,100,46.01,397.81
chaleco con peso para entrenar,Crossfit,210,HIGH,100,45.55,479.78
chaleco peso para entrenar,Crossfit,210,HIGH,100,45.55,479.78
protector bucal hockey,Hockey (cesped),210,HIGH,100,28.4,265.2
palo hockey vlack,Hockey (cesped),210,HIGH,100,67.74,268.64
palos vlack,Hockey (cesped),210,HIGH,100,62.38,246.37
mercado libre palo de hockey,Hockey (cesped),210,HIGH,99,63.94,202.5
pollera de hockey,Hockey (cesped),210,HIGH,100,86.98,412.72
botines gilbert,Rugby,210,HIGH,100,44.4,254.36
guinda de rugby,Rugby,210,HIGH,86,25.42,175.01
guantes box,Boxeo,210,HIGH,100,24.35,236.46
guantes twins,Boxeo,210,HIGH,97,39.36,254.36
punching ball boxeo,Boxeo,210,HIGH,100,55.58,326.48
guantes fairtex,Boxeo,210,HIGH,100,35.23,222.04
guante de box,Boxeo,210,HIGH,100,24.35,236.46
guantes de king boxing,Boxeo,210,HIGH,97,15.1,221.84
fairtex guantes,Boxeo,210,HIGH,100,35.23,222.04
guantes de boxeo winning,Boxeo,210,HIGH,86,47.18,200.91
equipamiento de boxeo,Boxeo,210,HIGH,100,43.75,353.12
box guantes,Boxeo,210,HIGH,100,24.35,236.46
corti guantes de boxeo,Boxeo,210,HIGH,97,31.44,155.74
guantes de box corti,Boxeo,210,HIGH,97,31.44,155.74
tabla de natacion,Natacion,210,HIGH,78,36.32,220.04
ropa natacion,Natacion,210,HIGH,99,71.16,480.63
antiparras arena cobra,Natacion,210,HIGH,100,49.68,341.57
antiparra de natacion,Natacion,210,HIGH,100,41.4,322.04
gorra para pileta,Natacion,210,HIGH,100,25.74,140.58
malla para natacion hombre,Natacion,210,HIGH,100,50.76,316.68
carretes de pesca,Pesca,210,HIGH,91,19.03,329.18
señuelos para truchas,Pesca,210,HIGH,100,27.72,272.52
anzuelos mustad,Pesca,210,HIGH,99,11.9,170.47
cañas de pescar ofertas,Pesca,210,HIGH,100,35.74,403.99
anzuelo para carpa,Pesca,210,HIGH,97,11.0,164.68
anzuelo sasame,Pesca,210,HIGH,100,16.4,172.99
caja de pesca grande,Pesca,210,HIGH,100,31.39,333.89
caña de lance,Pesca,210,HIGH,100,19.82,218.96
caña lapicera,Pesca,210,HIGH,96,11.24,262.32
cucu señuelos,Pesca,210,HIGH,86,16.98,153.54
precio de reel de pesca,Pesca,210,HIGH,99,12.57,77.78
reel de pesca frontal,Pesca,210,HIGH,100,29.52,327.47
reel de pesca rotativo,Pesca,210,HIGH,98,25.65,293.75
reel okuma frontal,Pesca,210,HIGH,98,15.07,88.3
reel para pejerrey,Pesca,210,HIGH,100,16.13,178.77
reel pescador,Pesca,210,HIGH,81,10.1,106.51
reel rotativo shimano,Pesca,210,HIGH,100,16.74,177.91
tipos de reel de pesca,Pesca,210,HIGH,89,46.34,183.45
tipos de reeles de pesca,Pesca,210,HIGH,89,46.34,183.45
carpa 4 estaciones,Trekking/Camping,210,HIGH,99,52.31,489.45
mochila senderismo,Trekking/Camping,210,HIGH,100,100.18,439.07
zapatillas montaña,Trekking/Camping,210,HIGH,100,69.15,518.81
mochilas de montaña,Trekking/Camping,210,HIGH,100,74.76,426.65
mochila trekking 40 litros,Trekking/Camping,210,HIGH,100,85.26,516.69
botas de trekking hombre,Trekking/Camping,210,HIGH,100,65.95,536.23
carpas carrefour,Trekking/Camping,210,HIGH,97,3.62,84.01
carpa para 10 personas,Trekking/Camping,210,HIGH,98,22.56,481.63
carpa de acampar,Trekking/Camping,210,HIGH,100,21.39,371.47
carpa para 2 personas impermeable,Trekking/Camping,210,HIGH,100,43.17,419.95
carpas easy,Trekking/Camping,210,HIGH,96,29.75,228.88
carpas de campamento,Trekking/Camping,210,HIGH,100,28.4,390.79
carpas outdoor,Trekking/Camping,210,HIGH,100,135.84,573.13
carpa para 1 persona,Trekking/Camping,210,HIGH,100,37.55,307.84
carpas grandes para acampar,Trekking/Camping,210,HIGH,100,23.36,261.94
carpa para 5 personas,Trekking/Camping,210,HIGH,98,19.87,240.55
carpa iglu 2 personas,Trekking/Camping,210,HIGH,99,31.98,370.45
zapatillas trekking mujer montagne,Trekking/Camping,210,HIGH,100,81.84,1881.2
mochila trekking 40l,Trekking/Camping,210,HIGH,100,85.26,516.69
colchones para carpas,Trekking/Camping,210,HIGH,100,30.83,205.06
carpa autoarmable 4 personas,Trekking/Camping,210,HIGH,100,42.71,354.35
carpa para 12 personas,Trekking/Camping,210,HIGH,73,16.86,209.48
bolsa dormir bebe,Trekking/Camping,210,HIGH,100,115.79,754.76
bolsa de dormir pluma,Trekking/Camping,210,HIGH,100,79.72,478.2
bolsa de dormir waterdog,Trekking/Camping,210,HIGH,100,24.87,192.54
calzados trekking,Trekking/Camping,210,HIGH,100,80.66,469.28
carpa de playa automatica,Trekking/Camping,210,HIGH,100,91.9,337.69
carpa inflable para 4 personas,Trekking/Camping,210,HIGH,100,42.17,255.95
carpa para 4 personas precio,Trekking/Camping,210,HIGH,98,15.27,110.08
carpas de campamentos,Trekking/Camping,210,HIGH,100,28.4,390.79
carpas en easy,Trekking/Camping,210,HIGH,96,29.75,228.88
carpas para 4 personas precios,Trekking/Camping,210,HIGH,98,15.27,110.08
mochilas 40 litros trekking,Trekking/Camping,210,HIGH,100,85.26,516.69
mochilas trekking 40l,Trekking/Camping,210,HIGH,100,85.26,516.69
outdoor carpa,Trekking/Camping,210,HIGH,100,135.84,573.13
paletero nox,Padel,170,HIGH,100,104.49,403.8
pala padel head,Padel,170,HIGH,100,57.65,335.66
mochila padel mujer,Padel,170,HIGH,100,88.03,397.24
zapatillas padel mujer nike,Padel,170,HIGH,100,46.8,229.45
palas de padel siux,Padel,170,HIGH,100,46.21,258.68
mochila para padel,Padel,170,HIGH,100,82.02,401.34
mochila adidas padel,Padel,170,HIGH,100,73.28,203.17
palas de padel profesionales,Padel,170,HIGH,100,79.71,309.11
nox paletero,Padel,170,HIGH,100,104.49,403.8
paleta padel head,Padel,170,HIGH,100,57.65,335.66
empuñadura padel,Padel,170,MEDIUM,36,40.23,569.23
bolso paletero adidas,Padel,170,HIGH,100,65.26,286.18
pala bull padel,Padel,170,HIGH,100,67.71,318.65
paleta babolat viper,Padel,170,HIGH,100,105.48,391.82
davor paleta,Padel,170,HIGH,99,36.38,425.41
garden pádel venta de ropa deportiva y paletas,Padel,170,LOW,3,0.0,0.0
nox paleta,Padel,170,HIGH,100,63.59,372.4
pala top force,Padel,170,HIGH,100,29.75,384.65
palas pádel head,Padel,170,HIGH,100,57.65,335.66
paleta coast mirage,Padel,170,HIGH,100,46.13,370.11
paleta de padel para principiantes,Padel,170,HIGH,100,69.05,248.23
paleta de padel vieja,Padel,170,LOW,30,0.0,0.0
paleta kuikma,Padel,170,HIGH,94,41.79,269.33
paleta snauwaert,Padel,170,HIGH,98,35.55,369.38
paleta starvie,Padel,170,HIGH,100,42.3,320.57
paleta top force,Padel,170,HIGH,100,29.75,384.65
paletas kuikma,Padel,170,HIGH,94,41.79,269.33
siux paleta,Padel,170,HIGH,100,60.25,444.68
tubo de pelotas de padel,Padel,170,HIGH,100,31.25,264.6
zapatilla adidas barricade,Calzado/ropa deportiva generica de marca (descartar - ultra competido),170,HIGH,100,73.32,384.55
zapatillas nike basquet hombre,Basquet,170,HIGH,100,59.18,225.93
zapatillas finders basquet,Basquet,170,HIGH,100,40.94,180.84
pelota de basquet precio,Basquet,170,HIGH,95,12.84,149.55
pelota de basquet wilson,Basquet,170,HIGH,100,28.04,189.79
aro de basquet con pelota,Basquet,170,HIGH,89,33.04,349.21
peak zapatillas basquet,Basquet,170,HIGH,100,32.92,280.22
pelota de básquet precio,Basquet,170,HIGH,95,12.84,149.55
pelotas basquet n5,Basquet,170,HIGH,100,87.37,434.23
zapatillas de basquet nike blancas,Basquet,170,MEDIUM,47,22.96,121.73
zapatillas de basquet peak,Basquet,170,HIGH,98,23.23,196.77
zapatillas de basquet rosadas,Basquet,170,HIGH,79,46.4,172.07
zapatillas volleyball,Voley,170,HIGH,100,27.84,177.61
rodilleras voley nike,Voley,170,HIGH,99,26.63,151.49
zapatillas asics voley hombre,Voley,170,HIGH,100,33.99,246.79
rodilleras mizuno voley,Voley,170,HIGH,100,27.69,299.83
red de voley portatil,Voley,170,HIGH,100,49.21,414.22
molten voley,Voley,170,HIGH,99,24.7,321.44
pintier voley,Voley,170,HIGH,97,24.66,206.02
red de voley portátil,Voley,170,HIGH,100,49.21,414.22
zapatillas adidas para voley,Voley,170,HIGH,100,26.31,115.0
ropa ciclismo mujer,Ciclismo (accesorios),170,HIGH,100,79.03,768.77
ropa de ciclismo hombre,Ciclismo (accesorios),170,HIGH,100,75.0,638.58
zapatillas mtb hombre,Ciclismo (accesorios),170,HIGH,100,67.4,409.8
guantes bicicleta,Ciclismo (accesorios),170,HIGH,100,45.55,389.03
zapatillas ciclismo ruta,Ciclismo (accesorios),170,HIGH,100,76.12,493.59
ropa de ciclismo mujer,Ciclismo (accesorios),170,HIGH,100,85.29,748.13
guantes bici,Ciclismo (accesorios),170,HIGH,100,45.55,389.03
luz trasera para bicicleta,Ciclismo (accesorios),170,HIGH,100,14.55,177.06
zapatillas de ciclismo ruta,Ciclismo (accesorios),170,HIGH,100,52.07,416.53
casco para bicicleta hombre,Ciclismo (accesorios),170,HIGH,100,40.73,299.23
casco de bicicleta mujer,Ciclismo (accesorios),170,HIGH,100,27.79,290.58
guantes calefaccionados,Ciclismo (accesorios),170,HIGH,100,50.47,568.25
casco de bici mujer,Ciclismo (accesorios),170,HIGH,100,27.79,290.58
luz trasera para bici,Ciclismo (accesorios),170,HIGH,100,14.55,177.06
redbull casco,Ciclismo (accesorios),170,MEDIUM,48,19.04,224.95
remeras ciclismo mujer,Ciclismo (accesorios),170,HIGH,93,45.59,570.81
ropa ciclismo de mujer,Ciclismo (accesorios),170,HIGH,100,85.29,748.13
zapatillas mountain bike hombre,Calzado/ropa deportiva generica de marca (descartar - ultra competido),170,HIGH,100,67.4,409.8
aros para gym,Crossfit,170,HIGH,100,188.52,1361.53
pollera hockey,Hockey (cesped),170,HIGH,100,131.12,437.76
palo de arquera de hockey,Hockey (cesped),170,HIGH,99,50.31,322.99
palo de hockey malik,Hockey (cesped),170,HIGH,100,25.73,184.49
palo de hockey simbra,Hockey (cesped),170,HIGH,100,19.23,185.49
palo de hockey sobre patines,Hockey (cesped),170,MEDIUM,41,74.51,264.99
palos adidas,Hockey (cesped),170,HIGH,100,81.88,231.62
pantalon de rugby,Rugby,170,HIGH,100,46.98,395.26
bucal rugby,Rugby,170,HIGH,99,9.87,116.05
botines puma rugby,Rugby,170,HIGH,100,40.65,164.38
botines nike rugby,Rugby,170,HIGH,100,29.12,153.14
bucales rugby,Rugby,170,HIGH,99,9.87,116.05
pelota gilbert,Rugby,170,HIGH,99,49.64,195.09
pelota rugby gilbert,Rugby,170,HIGH,98,36.3,148.51
pelotas rugby gilbert,Rugby,170,HIGH,98,36.3,148.51
tienda boxeo,Boxeo,170,HIGH,80,107.85,516.25
guantes de boxeo mujer,Boxeo,170,HIGH,100,29.69,271.09
guantes de boxeo profesionales,Boxeo,170,HIGH,100,39.87,209.48
guantes 14 oz,Boxeo,170,HIGH,100,31.24,296.26
guantes 12 oz,Boxeo,170,HIGH,99,41.33,226.89
cosas de boxeo,Boxeo,170,MEDIUM,66,45.62,239.4
guantes de boxeo grant,Boxeo,170,HIGH,69,44.89,243.18
guantes de 12 onzas,Boxeo,170,HIGH,100,23.86,291.56
guantes de 14 onzas,Boxeo,170,HIGH,100,26.98,220.47
guantes 12 onzas,Boxeo,170,HIGH,99,41.33,226.89
12 oz guantes,Boxeo,170,HIGH,99,41.33,226.89
guante de box png,Boxeo,170,LOW,0,0.0,0.0
guantes 14 onzas,Boxeo,170,HIGH,100,31.24,296.26
guantes boxeo proyec,Boxeo,170,HIGH,100,45.81,244.51
guantes de 12 oz,Boxeo,170,HIGH,100,23.86,291.56
guantes de 14 oz,Boxeo,170,HIGH,100,26.98,220.47
guantes de box mujeres,Boxeo,170,HIGH,100,29.69,271.09
guantes de box png,Boxeo,170,LOW,0,0.0,0.0
venda de box,Boxeo,170,HIGH,95,19.23,250.56
antiparra para natacion,Natacion,170,HIGH,99,34.56,296.61
antiparras natacion adultos,Natacion,170,HIGH,100,45.56,253.1
antiparras suecas,Natacion,170,HIGH,100,45.03,322.5
gorra de pileta,Natacion,170,HIGH,89,17.81,175.85
short natación hombre,Natacion,170,HIGH,100,58.49,295.3
caña spinning,Pesca,170,HIGH,96,21.64,227.58
caja para pesca,Pesca,170,HIGH,100,32.69,242.61
tipos de cañas de pescar,Pesca,170,MEDIUM,62,37.08,103.0
cajon de pesca,Pesca,170,HIGH,100,24.29,263.46
caña de fibra de carbono,Pesca,170,HIGH,98,19.08,160.39
caña de pescar marcas,Pesca,170,HIGH,91,35.31,132.5
caña pejerrey,Pesca,170,HIGH,100,31.86,288.22
caña shimano fx,Pesca,170,HIGH,100,14.46,78.42
caña tenkara,Pesca,170,HIGH,100,27.84,414.9
cañas albatros,Pesca,170,HIGH,97,13.04,80.49
cebo para pejerrey,Pesca,170,HIGH,99,17.02,73.48
posacañas,Pesca,170,HIGH,100,31.6,232.27
reel frontal spinit,Pesca,170,HIGH,96,10.75,109.07
reel penn rotativo,Pesca,170,HIGH,100,12.65,164.59
reel rotativo penn,Pesca,170,HIGH,100,12.65,164.59
reel spinit frontal,Pesca,170,HIGH,96,10.75,109.07
señuelo cuchara,Pesca,170,HIGH,96,42.91,393.05
botas de senderismo,Trekking/Camping,170,HIGH,100,64.54,371.19
zapatillas de montaña mujer,Trekking/Camping,170,HIGH,100,61.65,387.69
mochila trekking 50 litros,Trekking/Camping,170,HIGH,100,108.55,405.57
carpa 3 personas,Trekking/Camping,170,HIGH,100,46.98,446.86
mochila trekking 20 litros,Trekking/Camping,170,HIGH,98,56.84,380.16
carpa 1 persona,Trekking/Camping,170,HIGH,100,40.39,305.56
carpa national geographic,Trekking/Camping,170,HIGH,100,48.74,394.3
carpa familiar,Trekking/Camping,170,HIGH,100,30.88,254.36
botas trekking impermeables,Trekking/Camping,170,HIGH,100,89.22,545.62
carpa quechua,Trekking/Camping,170,HIGH,94,46.73,294.91
botas trekking salomon,Trekking/Camping,170,HIGH,100,44.47,344.21
carpa north face,Trekking/Camping,170,HIGH,99,52.48,446.54
carpa alta montaña,Trekking/Camping,170,HIGH,100,70.08,466.29
mochila trekking 50l,Trekking/Camping,170,HIGH,100,108.55,405.57
carpa para 6 personas impermeable,Trekking/Camping,170,HIGH,100,62.35,478.36
carpa the north face,Trekking/Camping,170,HIGH,99,52.48,446.54
carpa montagne 4 personas,Trekking/Camping,170,HIGH,99,45.78,1740.76
carpa alpes 4 personas,Trekking/Camping,170,HIGH,100,18.83,126.96
carpas traful,Trekking/Camping,170,HIGH,100,36.2,317.51
bolsas de dormir para adultos,Trekking/Camping,170,HIGH,100,50.48,512.05
bolsa de dormir easy,Trekking/Camping,170,HIGH,98,24.9,212.82
bolsa de dormir precios carrefour,Trekking/Camping,170,HIGH,100,14.41,109.68
fiestas en carpas,Trekking/Camping,170,LOW,31,287.61,1771.5
mochila 50l trekking,Trekking/Camping,170,HIGH,100,108.55,405.57
mochila trekking 20 l,Trekking/Camping,170,HIGH,98,56.84,380.16
mochila trekking 50 l,Trekking/Camping,170,HIGH,100,108.55,405.57
north face carpa,Trekking/Camping,170,HIGH,99,52.48,446.54
grip de padel,Padel,140,HIGH,99,40.77,326.38
pala adidas,Padel,140,HIGH,100,83.3,464.15
zapatillas nox at10,Calzado/ropa deportiva generica de marca (descartar - ultra competido),140,HIGH,100,111.03,340.0
zapatillas de padel joma,Padel,140,HIGH,100,48.51,241.7
zapatillas fila padel,Padel,140,HIGH,100,52.48,298.48
palas royal padel,Padel,140,HIGH,100,50.97,263.22
bolso padel hombre,Padel,140,HIGH,100,113.41,539.81
palas de padel varlion,Padel,140,HIGH,100,31.8,258.5
pala padel vairo,Padel,140,HIGH,100,46.41,237.34
bolso nox,Padel,140,HIGH,100,56.62,404.3
adidas zapatillas padel mujer,Padel,140,HIGH,100,64.13,172.83
zapatillas de padel mujer adidas,Padel,140,HIGH,100,68.81,190.73
bolso de padel mujer,Padel,140,HIGH,100,71.54,399.3
balon de basquet,Basquet,140,HIGH,82,38.56,235.05
tablero de basquetbol profesional,Basquet,140,HIGH,100,68.71,348.64
pelota de basquet spalding,Basquet,140,HIGH,98,27.29,215.11
zapatillas converse basquet,Basquet,140,HIGH,100,65.31,325.54
aro y tablero de basquetbol,Basquet,140,HIGH,100,85.59,311.63
peak basquet,Basquet,140,HIGH,100,38.92,374.48
pelota basquet wilson,Basquet,140,HIGH,95,41.16,298.73
pelotas molten basquet,Basquet,140,HIGH,100,39.86,346.75
precio de pelota de básquet,Basquet,140,HIGH,85,8.05,80.42
precio pelota de básquet,Basquet,140,HIGH,85,8.05,80.42
puma zapatillas basquet,Basquet,140,HIGH,100,74.81,1178.11
tablero aro de basquetbol,Basquet,140,HIGH,100,85.59,311.63
under armour zapatillas basquet,Basquet,140,HIGH,100,27.46,202.11
zapatillas de basquet rick and morty,Basquet,140,LOW,33,42.58,963.65
zapatillas topper de básquet,Basquet,140,HIGH,100,57.67,832.06
asics voley hombre,Voley,140,HIGH,100,26.45,288.79
rodilleras voley asics,Voley,140,HIGH,100,27.69,241.88
adidas voley hombre,Voley,140,HIGH,100,27.84,151.43
zapatillas voley mujer adidas,Voley,140,HIGH,100,26.66,143.6
pelota voley wilson,Voley,140,HIGH,100,21.54,142.51
rodillera nike voley,Voley,140,HIGH,100,30.1,222.97
zapatos para voley,Voley,140,HIGH,99,25.47,152.47
molten pelota voley,Voley,140,HIGH,97,22.2,329.18
nike rodilleras voley,Voley,140,HIGH,100,30.1,222.97
pelota wilson voley,Voley,140,HIGH,100,21.54,142.51
red para voley,Voley,140,HIGH,100,54.35,515.59
redes para volleyball,Voley,140,HIGH,100,54.35,515.59
rodilleras voley sonder,Voley,140,HIGH,100,22.23,190.93
zapatillas nike para voley,Voley,140,HIGH,98,24.52,94.35
zapatillas para voley femenino,Voley,140,HIGH,90,27.69,206.9
zapatos para volleyball,Voley,140,HIGH,99,25.47,152.47
ropa ciclismo hombre,Ciclismo (accesorios),140,HIGH,100,65.54,489.67
ropa para ciclismo,Ciclismo (accesorios),140,HIGH,100,75.4,451.28
zapatillas shimano,Calzado/ropa deportiva generica de marca (descartar - ultra competido),140,HIGH,100,47.02,295.01
zapatillas de ciclismo mtb,Ciclismo (accesorios),140,HIGH,100,51.94,448.41
zapatillas para ciclismo,Ciclismo (accesorios),140,HIGH,99,44.72,261.14
luz delantera para bicicleta,Ciclismo (accesorios),140,HIGH,100,20.44,235.94
casco para ciclismo,Ciclismo (accesorios),140,HIGH,100,30.99,345.08
zapatillas ciclismo adidas,Ciclismo (accesorios),140,HIGH,100,56.56,209.48
luz led para bicicleta,Ciclismo (accesorios),140,HIGH,100,19.18,252.93
zapatillas para andar en bicicleta,Ciclismo (accesorios),140,HIGH,100,31.26,232.5
casco ciclismo hombre,Ciclismo (accesorios),140,HIGH,100,45.59,367.86
precio de casco para bicicleta,Ciclismo (accesorios),140,HIGH,100,10.11,94.35
casco para ciclomontañismo,Ciclismo (accesorios),140,HIGH,100,30.99,345.08
luz delantera para bici,Ciclismo (accesorios),140,HIGH,100,20.44,235.94
luz led para bici,Ciclismo (accesorios),140,HIGH,100,19.18,252.93
zapatillas gear,Calzado/ropa deportiva generica de marca (descartar - ultra competido),140,HIGH,93,21.1,205.01
zapatillas para andar en bici,Ciclismo (accesorios),140,HIGH,100,31.26,232.5
zapatillas para ciclomontañismo,Calzado/ropa deportiva generica de marca (descartar - ultra competido),140,HIGH,99,44.72,261.14
zapatillas para cicloturismo,Calzado/ropa deportiva generica de marca (descartar - ultra competido),140,HIGH,99,44.72,261.14
cajon de crossfit,Crossfit,140,HIGH,100,100.41,628.13
cajones crossfit,Crossfit,140,HIGH,100,158.48,598.92
argollas de gimnasia,Crossfit,140,HIGH,93,22.02,305.79
malik palo de hockey,Hockey (cesped),140,HIGH,100,28.63,193.59
palo balling,Hockey (cesped),140,HIGH,100,46.21,204.53
palo de hockey adidas 100 carbono,Hockey (cesped),140,HIGH,100,62.26,202.82
palo de hockey brabo,Hockey (cesped),140,HIGH,98,59.27,276.87
palo de hockey nike,Hockey (cesped),140,HIGH,98,80.68,1400.45
palo de hockey para zurdo,Hockey (cesped),140,HIGH,88,30.38,166.12
palo osaka 100 carbono,Hockey (cesped),140,HIGH,100,81.39,336.03
palos de hockey nike,Hockey (cesped),140,HIGH,98,80.68,1400.45
simbra hockey,Hockey (cesped),140,HIGH,96,65.41,330.52
protector bucal rugby,Rugby,140,HIGH,99,20.82,135.39
saco de boxeo precio,Boxeo,140,HIGH,98,6.4,140.95
articulos de boxeo,Boxeo,140,HIGH,91,78.6,317.49
guantes de boxeo baratos,Boxeo,140,HIGH,99,51.56,432.21
guantes rival,Boxeo,140,HIGH,99,29.82,189.03
guantes de 16 onzas,Boxeo,140,HIGH,88,15.16,145.97
bolsa para boxeo,Boxeo,140,HIGH,100,25.04,179.55
bolsa para box,Boxeo,140,HIGH,100,25.04,179.55
boxear sin guantes,Boxeo,140,LOW,1,0.0,0.0
guantes de 16 oz,Boxeo,140,HIGH,88,15.16,145.97
guantes de 20 onzas,Boxeo,140,HIGH,86,59.85,229.35
guantines bulls,Boxeo,140,HIGH,98,15.4,142.42
guantines de mma,Boxeo,140,HIGH,100,44.66,381.44
vendas proyec,Boxeo,140,HIGH,100,18.96,146.83
aletas de natacion,Natacion,140,HIGH,99,52.17,375.5
traje de baño hombre natación,Natacion,140,HIGH,100,74.9,380.36
short de natación hombre,Natacion,140,HIGH,100,50.47,379.99
antiparras natacion profesional,Natacion,140,HIGH,100,62.77,326.99
gorra de latex,Natacion,140,MEDIUM,36,17.54,175.06
malla dos piezas natacion,Natacion,140,HIGH,100,73.57,418.05
malla natacion arena,Natacion,140,HIGH,100,65.79,470.44
short de natacion hombre,Natacion,140,HIGH,100,50.47,379.99
trajes de baño hombres natacion,Natacion,140,HIGH,100,74.9,380.36
caña de pescar para mar,Pesca,140,HIGH,97,40.2,274.79
señuelos pesca,Pesca,140,HIGH,98,46.13,532.0
señuelos de pesca para rio,Pesca,140,HIGH,100,20.92,406.1
anzuelos gamakatsu,Pesca,140,HIGH,95,18.83,233.01
caña abu garcia,Pesca,140,HIGH,99,17.8,217.71
anzuelo para bagre,Pesca,140,HIGH,85,17.46,112.0
caña con reel rotativo,Pesca,140,HIGH,100,38.24,368.85
caña de pejerrey,Pesca,140,HIGH,100,18.99,157.22
caña de pescar pejerrey,Pesca,140,HIGH,100,29.16,209.48
caña de pescar waterdog,Pesca,140,HIGH,100,9.47,78.96
caña fenwick,Pesca,140,HIGH,95,17.39,104.05
caña okuma longitude,Pesca,140,HIGH,97,10.74,111.6
caña para reel rotativo,Pesca,140,HIGH,100,18.8,158.73
caña red fish,Pesca,140,HIGH,92,9.01,69.74
caña shimano stimula,Pesca,140,HIGH,100,18.31,136.4
caña spinit,Pesca,140,HIGH,100,12.93,96.02
caña telescopica pejerrey,Pesca,140,HIGH,100,31.77,207.89
caña tuna rod,Pesca,140,MEDIUM,44,6.04,73.39
cañas de pescar mejores marcas,Pesca,140,HIGH,99,39.31,115.73
cañas patria rods,Pesca,140,HIGH,94,7.94,101.37
el anzuelo pesca,Pesca,140,LOW,27,47.37,112.89
gamakatsu anzuelos,Pesca,140,HIGH,95,18.83,233.01
las 10 mejores marcas de cañas de pescar,Pesca,140,HIGH,98,48.14,170.97
pesca de anguila,Pesca,140,LOW,0,0.0,0.0
pesca de bogas,Pesca,140,LOW,1,0.0,0.0
raptor señuelos,Pesca,140,HIGH,90,15.08,78.57
reel surfish,Pesca,140,HIGH,97,6.68,50.67
ril pesca,Pesca,140,HIGH,90,14.25,158.74
señuelo banana,Pesca,140,HIGH,100,19.87,178.94
señuelo rubi,Pesca,140,HIGH,80,26.57,299.25
zapatillas senderismo hombre,Trekking/Camping,140,HIGH,100,81.05,453.69
saco de dormir para bebe,Trekking/Camping,140,HIGH,100,53.47,342.45
zapatos trekking mujer,Trekking/Camping,140,HIGH,100,81.05,445.77
mochila montaña,Trekking/Camping,140,HIGH,100,88.57,483.96
carpas impermeables,Trekking/Camping,140,HIGH,100,53.63,460.08
mochila trekking bebe,Trekking/Camping,140,HIGH,100,59.85,347.32
sacos de dormir para bebes,Trekking/Camping,140,HIGH,100,53.47,342.45
carpas araña,Trekking/Camping,140,HIGH,97,143.9,1843.19
carpa coleman 8 personas,Trekking/Camping,140,HIGH,100,21.7,182.8
palos trekking,Trekking/Camping,140,HIGH,100,67.35,482.28
mochila trekking 60 litros,Trekking/Camping,140,HIGH,100,103.16,516.67
carpa domo,Trekking/Camping,140,HIGH,80,46.01,403.56
zapatillas trekking impermeables hombre,Trekking/Camping,140,HIGH,100,100.24,632.44
carpa coleman 2 personas,Trekking/Camping,140,HIGH,100,44.89,250.44
calzado para trekking,Trekking/Camping,140,HIGH,100,53.53,305.45
zapatillas para basquet mujer,Basquet,110,HIGH,100,59.99,250.36
zapatillas para jugar basquet,Basquet,110,HIGH,100,54.43,176.09
zapatillas para basquet hombre,Basquet,110,HIGH,100,62.71,249.86
zapatillas basquet under armour,Basquet,110,HIGH,100,42.44,260.37
zapatillas adidas basquet hombre,Basquet,110,HIGH,100,62.64,252.86
zapatillas reebok basquet,Basquet,110,HIGH,100,30.24,176.23
zapatillas de basquet converse,Basquet,110,HIGH,100,37.12,205.77
adidas basquet hombre,Basquet,110,HIGH,100,34.82,153.58
zapatillas nike basquet mujer,Basquet,110,HIGH,97,46.34,170.54
361 zapatillas basquet,Basquet,110,HIGH,100,44.61,312.46
pelota de basquet nike,Basquet,110,HIGH,96,33.93,186.59
diametro aro de basquet,Basquet,110,HIGH,79,65.75,372.77
jordan zapatillas basquet,Basquet,110,HIGH,82,33.24,158.18
pelota basquet png,Basquet,110,LOW,0,0.0,0.0
pelota de basquet n 6,Basquet,110,HIGH,100,92.09,354.45
zapatilla para jugar basquet,Basquet,110,HIGH,100,54.43,176.09
zapatillas de basquet lamelo ball,Basquet,110,HIGH,92,72.27,617.11
zapatillas de básquet converse,Basquet,110,HIGH,100,37.12,205.77
zapatillas nike para basquet,Basquet,110,HIGH,100,43.05,183.94
zapatillas para basquet nike,Basquet,110,HIGH,100,43.05,183.94
zapatillas para básquet hombre,Basquet,110,HIGH,100,62.71,249.86
zapatillas para básquet mujer,Basquet,110,HIGH,100,59.99,250.36
zapatillas para básquet nike,Basquet,110,HIGH,100,43.05,183.94
zapatillas puma de basquet,Basquet,110,HIGH,100,65.38,1227.47
pelota voley molten,Voley,110,HIGH,100,28.87,301.5
rodilleras para voley mujer,Voley,110,HIGH,100,17.63,175.91
zapatillas para voley asics,Voley,110,HIGH,100,27.01,200.38
adidas zapatillas voley,Voley,110,HIGH,100,27.15,178.87
olympikus zapatillas voley,Voley,110,HIGH,100,31.3,250.38
pelota de voley mikasa original,Voley,110,HIGH,99,24.65,154.37
pelota de voley oficial,Voley,110,HIGH,100,26.44,254.36
pelotas de voley oficial,Voley,110,HIGH,100,26.44,254.36
rodilleras sonder voley,Voley,110,HIGH,100,25.09,202.06
una pelota de voley,Voley,110,LOW,12,0.0,0.0
indumentaria de ciclismo,Ciclismo (accesorios),110,HIGH,100,53.35,335.72
guantes para ciclismo,Ciclismo (accesorios),110,HIGH,100,41.42,270.09
zapatillas para spinning mujer,Calzado/ropa deportiva generica de marca (descartar - ultra competido),110,HIGH,100,37.18,343.86
zapatillas con calas,Calzado/ropa deportiva generica de marca (descartar - ultra competido),110,HIGH,100,45.01,366.98
zapatillas puma mercedes,Calzado/ropa deportiva generica de marca (descartar - ultra competido),110,HIGH,100,140.76,739.33
luces led bicicleta,Ciclismo (accesorios),110,HIGH,100,31.17,405.88
luz led bicicleta,Ciclismo (accesorios),110,HIGH,100,31.17,405.88
casco rockbros,Ciclismo (accesorios),110,HIGH,100,43.63,288.71
casco para bicicleta adulto,Ciclismo (accesorios),110,HIGH,100,47.11,285.55
indumentaria para ciclismo,Ciclismo (accesorios),110,HIGH,85,78.53,378.02
casco bieffe,Ciclismo (accesorios),110,HIGH,70,29.66,148.91
luces bicicletas led,Ciclismo (accesorios),110,HIGH,100,31.17,405.88
ropa ciclismo magenta,Ciclismo (accesorios),110,HIGH,100,46.01,300.95
chalecos de peso para entrenar,Crossfit,110,HIGH,100,51.4,483.99
palo hockey carbono,Hockey (cesped),110,HIGH,100,74.31,261.14
canillera para hockey,Hockey (cesped),110,HIGH,99,20.04,155.77
canilleras hockey mujer,Hockey (cesped),110,HIGH,100,50.78,369.7
palo brabo,Hockey (cesped),110,HIGH,100,84.72,375.05
palo de hockey de fibra de vidrio,Hockey (cesped),110,HIGH,100,40.62,266.85
palo de hockey de madera,Hockey (cesped),110,HIGH,94,35.08,201.28
palo de hockey sobre hielo,Hockey (cesped),110,LOW,28,26.93,203.39
palo de hockey tk,Hockey (cesped),110,HIGH,100,36.04,196.4
palo de hockey usado,Hockey (cesped),110,HIGH,75,84.58,268.73
palo vlack hockey,Hockey (cesped),110,HIGH,98,76.96,314.89
palos de hockey madera,Hockey (cesped),110,HIGH,94,35.08,201.28
balon de rugby,Rugby,110,MEDIUM,57,20.77,131.67
botines kakari,Rugby,110,HIGH,100,71.45,216.24
pelota de rugby precio,Rugby,110,HIGH,97,11.73,120.94
pelotas de rugby precios,Rugby,110,HIGH,97,11.73,120.94
precio pelota de rugby,Rugby,110,HIGH,97,11.73,120.94
guantes de box cleto reyes,Boxeo,110,HIGH,92,29.93,376.2
guantes de box 16 oz,Boxeo,110,HIGH,100,34.51,215.07
guantes boxeo 14 oz,Boxeo,110,HIGH,100,43.14,266.75
rdx guantes,Boxeo,110,HIGH,100,59.85,290.49
guantes para box,Boxeo,110,HIGH,93,18.15,172.2
guantes de boxeo 16 onzas,Boxeo,110,HIGH,100,34.51,215.07
guantes 16 oz,Boxeo,110,HIGH,99,29.91,286.65
mejores marcas de guantes de boxeo,Boxeo,110,HIGH,92,70.12,207.91
equipamiento boxeo,Boxeo,110,HIGH,100,63.26,684.85
guantes 16 onzas,Boxeo,110,HIGH,99,29.91,286.65
guantes 10 oz,Boxeo,110,HIGH,100,19.85,192.01
guantes boxeo 14 onzas,Boxeo,110,HIGH,100,43.14,266.75
saco de boxeo mercado libre,Boxeo,110,HIGH,100,112.93,331.49
guantes de 10 onzas,Boxeo,110,HIGH,91,40.55,262.89
bolsa de boxeo de piso,Boxeo,110,HIGH,100,16.19,225.3
bolsa de boxeo piso,Boxeo,110,HIGH,100,16.19,225.3
bolsa de boxeo profesional,Boxeo,110,HIGH,100,33.15,216.83
bolsa de boxeo proyec,Boxeo,110,HIGH,100,13.71,136.5
bolsa de kick boxing,Boxeo,110,HIGH,100,14.47,272.67
bolsas de boxeo proyec,Boxeo,110,HIGH,100,13.71,136.5
guante de box cleto reyes,Boxeo,110,HIGH,92,29.93,376.2
guanteletas de box cleto reyes,Boxeo,110,HIGH,92,29.93,376.2
guanteletas para boxeo,Boxeo,110,HIGH,93,18.15,172.2
guantes 10 onzas,Boxeo,110,HIGH,100,19.85,192.01
guantes box winning,Boxeo,110,HIGH,96,89.78,142.76
guantes de 10 oz,Boxeo,110,HIGH,91,40.55,262.89
guantes de boxeo huracan,Boxeo,110,HIGH,100,24.3,166.17
guantes sonnos,Boxeo,110,HIGH,98,35.43,133.34
guantes winning boxeo,Boxeo,110,HIGH,96,89.78,142.76
indumentaria boxeo,Boxeo,110,HIGH,88,115.47,426.12
vendas semi elasticas,Boxeo,110,HIGH,77,24.94,333.61
traje de baño natacion,Natacion,110,HIGH,100,55.34,322.71
gafas de natacion,Natacion,110,HIGH,98,67.67,409.91
traje de baño deportivo mujer,Natacion,110,HIGH,100,47.2,354.86
traje de natación mujer,Natacion,110,HIGH,98,92.09,553.62
aletas arena,Natacion,110,HIGH,100,50.59,368.58
traje de baño de natacion,Natacion,110,HIGH,100,55.34,322.71
gorro natacion mujer,Natacion,110,HIGH,100,27.94,164.66
gorros de natación para adultos,Natacion,110,HIGH,100,35.93,179.32
antiparras natacion arena,Natacion,110,HIGH,100,49.74,267.36
antiparras y gorras de natacion,Natacion,110,HIGH,100,22.18,153.68
gorra de natacion de silicona,Natacion,110,HIGH,100,27.95,185.2
gorra natacion mujer,Natacion,110,HIGH,100,27.94,164.66
trajes de baños deportivos mujer,Natacion,110,HIGH,100,47.2,354.86
caja pesca,Pesca,110,HIGH,100,34.73,440.37
cañas de pescar mar,Pesca,110,HIGH,95,33.04,209.48
caña de spinning,Pesca,110,HIGH,100,23.54,383.31
señuelos para pescar,Pesca,110,HIGH,93,23.6,329.18
caña de pescar okuma,Pesca,110,HIGH,80,16.26,119.7
mini caña de pescar,Pesca,110,HIGH,100,23.24,282.86
caña daiwa,Pesca,110,HIGH,95,21.72,170.31
cañas daiwa,Pesca,110,HIGH,95,21.72,170.31
anzuelo maruseigo,Pesca,110,HIGH,100,14.66,79.28
anzuelo offset,Pesca,110,HIGH,82,20.36,206.26
artículos para pescar,Pesca,110,MEDIUM,46,41.9,366.72
caña caster,Pesca,110,HIGH,97,20.31,107.23
caña de baitcasting,Pesca,110,HIGH,95,37.3,282.99
caña de grafito,Pesca,110,HIGH,99,8.82,74.85
caña de mar,Pesca,110,HIGH,100,35.42,251.75
caña de pesca variada,Pesca,110,HIGH,100,27.7,220.92
caña de pescar con reel precio,Pesca,110,HIGH,100,16.58,171.44
caña de pescar de fibra de carbono,Pesca,110,HIGH,98,20.37,185.11
caña fibra de vidrio,Pesca,110,HIGH,98,19.23,137.72
caña kunnan,Pesca,110,HIGH,91,20.09,141.6
caña lance de costa,Pesca,110,HIGH,100,20.43,143.66
caña lexus,Pesca,110,HIGH,91,11.78,92.57
caña okuma cayasta,Pesca,110,HIGH,100,12.19,70.8
caña para reel huevito,Pesca,110,HIGH,100,17.95,103.13
caña tokio 437,Pesca,110,HIGH,75,13.96,131.09
caña y reel para pesca variada,Pesca,110,HIGH,99,29.43,333.5
estuches para cañas de pescar,Pesca,110,HIGH,100,11.25,303.26
ng señuelos,Pesca,110,HIGH,70,26.27,181.28
nudos anzuelos,Pesca,110,LOW,0,0.0,0.0
okuma cayasta,Pesca,110,HIGH,100,19.93,112.19
ottoni reel,Pesca,110,HIGH,90,7.66,89.49
pesca señuelo,Pesca,110,HIGH,73,0.0,0.0
posacaña,Pesca,110,HIGH,98,20.48,153.4
rana antienganche,Pesca,110,HIGH,100,33.16,263.82
reel daiwa rotativo,Pesca,110,HIGH,100,20.17,191.38
reel de pesca huevito,Pesca,110,HIGH,100,13.02,174.17
reel frontal abu garcía,Pesca,110,HIGH,99,12.7,113.49
reel huevito con chicharra,Pesca,110,HIGH,100,11.36,311.7
reel penn frontal,Pesca,110,HIGH,100,13.36,232.49
reel rotativo daiwa,Pesca,110,HIGH,100,20.17,191.38
ril para pesca,Pesca,110,HIGH,96,20.03,140.19
señuelo antienganche,Pesca,110,HIGH,100,25.95,224.3
señuelo de goma,Pesca,110,HIGH,99,12.9,254.36
señuelo para tarucha,Pesca,110,HIGH,100,15.76,221.97
tipos de anzuelo,Pesca,110,MEDIUM,58,0.0,0.0
zapatillas basquet jordan,Basquet,90,HIGH,100,39.67,185.92
zapatillas de basquet reebok,Basquet,90,HIGH,100,22.49,171.37
zapatillas de basquet nike jordan,Basquet,90,HIGH,99,47.46,156.12
botas de basquet,Basquet,90,HIGH,96,62.06,259.7
jordan basquet zapatillas,Basquet,90,HIGH,92,43.11,217.85
adidas de basquet,Basquet,90,HIGH,100,67.01,324.53
molten pelota de basquet,Basquet,90,HIGH,93,25.36,188.41
pelota de basquet n 3,Basquet,90,HIGH,100,79.88,402.27
pelota de basquet original,Basquet,90,HIGH,98,38.46,221.12
tabla de basquet,Basquet,90,MEDIUM,45,12.28,316.53
zapatillas basquet peak,Basquet,90,HIGH,100,36.15,391.12
zapatillas básquet jordan,Basquet,90,HIGH,100,39.67,185.92
zapatillas de basquet 361,Basquet,90,HIGH,98,24.6,220.75
zapatillas de basquet blancas,Basquet,90,HIGH,100,58.86,254.36
zapatillas de basquet curry,Basquet,90,HIGH,92,83.91,318.99
zapatillas de voley mizuno,Voley,90,HIGH,97,25.12,214.1
cancha de voley reglamentaria,Voley,90,LOW,3,0.0,0.0
mejor pelota de voley,Voley,90,HIGH,100,22.7,226.7
mercado libre pelota de voley,Voley,90,HIGH,95,28.91,311.96
pelota de beach voley,Voley,90,HIGH,91,37.1,496.97
pelota mikasa v200w,Voley,90,HIGH,100,26.09,150.35
pelota voley profesional,Voley,90,HIGH,100,27.15,258.45
pelotas de voley baratas,Voley,90,HIGH,100,66.43,359.78
pelotas voley profesional,Voley,90,HIGH,100,27.15,258.45
zapatillas peak voley,Voley,90,HIGH,100,29.48,249.42
zapatillas specialized mtb,Ciclismo (accesorios),90,HIGH,100,80.25,417.03
guantes ciclismo hombre,Ciclismo (accesorios),90,HIGH,98,45.59,417.64
ropa para ciclismo hombre,Ciclismo (accesorios),90,HIGH,100,58.6,430.29
zapatillas shimano ruta,Calzado/ropa deportiva generica de marca (descartar - ultra competido),90,HIGH,100,58.76,313.34
casco ciclismo mujer,Ciclismo (accesorios),90,HIGH,100,56.02,485.87
casco de bicicleta hombre,Ciclismo (accesorios),90,HIGH,100,32.73,273.76
guantes para bicicleta hombre,Ciclismo (accesorios),90,HIGH,100,39.13,333.08
zapatillas giro,Calzado/ropa deportiva generica de marca (descartar - ultra competido),90,HIGH,100,37.03,246.01
luz bicicleta recargable,Ciclismo (accesorios),90,HIGH,100,35.0,343.39
casco de bici hombre,Ciclismo (accesorios),90,HIGH,100,32.73,273.76
casco de bici precio,Ciclismo (accesorios),90,HIGH,100,9.58,286.25
casco de bicicleta precio,Ciclismo (accesorios),90,HIGH,100,9.58,286.25
casco para bicicleta precio,Ciclismo (accesorios),90,HIGH,100,14.43,242.44
luz bici recargable,Ciclismo (accesorios),90,HIGH,100,35.0,343.39
newton indumentaria,Ciclismo (accesorios),90,LOW,22,89.7,461.64
precio de casco de bici,Ciclismo (accesorios),90,HIGH,100,9.58,286.25
remera de ciclista hombre,Ciclismo (accesorios),90,HIGH,100,25.85,396.1
cajon pliometrico,Crossfit,90,HIGH,100,203.39,787.32
cinturon crossfit,Crossfit,90,HIGH,100,104.23,422.98
cuerda de batalla,Crossfit,90,HIGH,77,93.66,636.92
cajon de salto crossfit,Crossfit,90,HIGH,100,137.67,632.92
aros gimnasia,Crossfit,90,HIGH,99,38.21,155.48
argollas gimnasia,Crossfit,90,HIGH,99,38.21,155.48
canilleras adidas hockey,Hockey (cesped),90,HIGH,100,85.69,345.02
canilleras hockey adidas,Hockey (cesped),90,HIGH,100,85.69,345.02
canilleras vlack,Hockey (cesped),90,HIGH,100,63.31,329.46
gryphon palos de hockey,Hockey (cesped),90,HIGH,98,48.79,183.07
hockey con pelota,Hockey (cesped),90,MEDIUM,45,34.24,162.87
malik palos,Hockey (cesped),90,HIGH,100,50.68,225.5
palo de hockey 70 carbono,Hockey (cesped),90,HIGH,100,70.35,294.09
palo de hockey 90 carbono,Hockey (cesped),90,HIGH,98,78.29,388.9
palo de hockey adidas 90 carbono,Hockey (cesped),90,HIGH,97,100.86,317.48
palo de hockey balling,Hockey (cesped),90,HIGH,96,42.56,339.68
palo de hockey de fibra de carbono,Hockey (cesped),90,HIGH,95,26.59,166.71
palo de hockey gryphon,Hockey (cesped),90,HIGH,98,48.79,183.07
palo de hockey osaka 100 carbono,Hockey (cesped),90,HIGH,100,66.29,240.31
palo de hockey vlack 100 carbono,Hockey (cesped),90,HIGH,99,66.8,246.32
palo hockey osaka,Hockey (cesped),90,HIGH,100,80.75,314.67
palo malik,Hockey (cesped),90,HIGH,100,50.68,225.5
palo tk,Hockey (cesped),90,HIGH,100,57.37,362.84
palos hockey grays,Hockey (cesped),90,HIGH,100,45.5,193.2
palos malik,Hockey (cesped),90,HIGH,100,50.68,225.5
talla de palo de hockey,Hockey (cesped),90,HIGH,85,39.22,180.75
tk palos,Hockey (cesped),90,HIGH,100,57.37,362.84
vlack palos,Hockey (cesped),90,HIGH,93,77.67,443.38
botines adidas kakari,Rugby,90,HIGH,100,81.18,223.96
botines canterbury rugby,Rugby,90,HIGH,100,55.94,239.09
botines de rugby nike,Rugby,90,HIGH,100,40.23,237.94
botines de rugby para forwards,Rugby,90,HIGH,100,42.63,198.06
botines rugby canterbury,Rugby,90,HIGH,100,55.94,239.09
pelota gilbert rugby,Rugby,90,HIGH,100,26.1,120.63
saco de boxeo de pie,Boxeo,90,HIGH,100,48.05,249.92
guantes boxeo 12 oz,Boxeo,90,HIGH,100,45.59,394.26
guantes hayabusa,Boxeo,90,HIGH,89,44.36,222.28
bucal venum,Boxeo,90,HIGH,93,18.15,189.58
winning guantes,Boxeo,90,MEDIUM,42,89.78,189.06
guantes de boxeo blancos,Boxeo,90,HIGH,96,39.04,218.89
foco boxeo,Boxeo,90,HIGH,99,23.53,323.41
guante de box rojo,Boxeo,90,HIGH,86,13.57,299.39
guantes 20 onzas,Boxeo,90,HIGH,71,0.0,0.0
guantes 20 oz,Boxeo,90,HIGH,71,0.0,0.0
guantes 8 onzas,Boxeo,90,HIGH,98,37.0,341.21
guantes box 12 onzas,Boxeo,90,HIGH,100,45.59,394.26
guantes boxing life,Boxeo,90,HIGH,100,22.79,284.29
guantes de 8 onzas,Boxeo,90,HIGH,89,24.49,146.23
guantes de 8 oz,Boxeo,90,HIGH,89,24.49,146.23
guantes de boxeo bronx,Boxeo,90,HIGH,100,31.23,558.25
guantes proyec 12 oz,Boxeo,90,HIGH,100,21.86,148.61
guantes proyec 14 oz,Boxeo,90,HIGH,100,28.3,162.48
guantines boxeo,Boxeo,90,HIGH,100,44.56,246.69
onza boxeo,Boxeo,90,MEDIUM,35,0.0,0.0
oz boxeo,Boxeo,90,MEDIUM,35,0.0,0.0
oz guantes de box,Boxeo,90,MEDIUM,66,0.0,0.0
precio de bolsa de boxeo usada,Boxeo,90,LOW,9,74.81,216.65
traje de baño para natacion,Natacion,90,HIGH,100,50.66,364.25
lentes de natacion,Natacion,90,HIGH,100,46.7,367.0
traje de baño speedo,Natacion,90,HIGH,100,42.75,287.85
traje de baño arena mujer,Natacion,90,HIGH,100,42.19,602.34
tabla natacion,Natacion,90,HIGH,85,59.34,232.21
gorro silicona natacion,Natacion,90,HIGH,100,31.03,180.6
gorro natacion adidas,Natacion,90,HIGH,100,50.83,224.17
gorras para natacion mujer,Natacion,90,HIGH,97,21.17,176.03
gorra de natacion de tela,Natacion,90,HIGH,99,18.17,189.34
gorra de natacion mujer,Natacion,90,HIGH,100,25.3,182.2
gorros natacion adidas,Natacion,90,HIGH,100,50.83,224.17
hydro antiparras,Natacion,90,HIGH,95,25.97,220.92
mallas de natación mujer dos piezas,Natacion,90,HIGH,100,51.42,463.49
natacion tabla,Natacion,90,HIGH,85,59.34,232.21
anzuelos para pescar,Pesca,90,HIGH,70,7.89,209.48
mejores cañas de pescar,Pesca,90,HIGH,87,44.01,210.4
venta de cañas de pescar,Pesca,90,HIGH,90,45.92,402.13
caja de pesca plano,Pesca,90,HIGH,100,18.2,188.02
anzuelo mustang,Pesca,90,HIGH,100,16.0,188.51
anzuelo para mojarra,Pesca,90,HIGH,73,7.84,64.71
anzuelo para surubi,Pesca,90,HIGH,87,9.69,71.86
anzuelo robador,Pesca,90,HIGH,84,18.29,240.74
anzuelo sin rebaba,Pesca,90,MEDIUM,57,26.34,193.86
anzuelos mojarreros,Pesca,90,HIGH,100,9.48,59.64
caja de pesca mauri,Pesca,90,HIGH,100,10.9,199.15
caja de pesca mercado libre,Pesca,90,HIGH,100,65.1,418.95
caña de pescar bambu,Pesca,90,HIGH,74,23.69,152.26
caña de pescar rosa,Pesca,90,HIGH,100,16.25,219.87
caña fivestar,Pesca,90,HIGH,96,20.74,149.91
caña mystix,Pesca,90,HIGH,98,9.03,74.24
caña para mar de costa,Pesca,90,HIGH,100,23.44,257.44
caña shimano convergence,Pesca,90,HIGH,100,23.33,174.06
caña shimano sojourn,Pesca,90,HIGH,100,18.21,169.22
caña shimano solara,Pesca,90,HIGH,91,12.76,83.25
caña sumax,Pesca,90,HIGH,100,10.76,59.5
caña waterdog ribereña,Pesca,90,HIGH,100,15.18,76.47
cañas de,Pesca,90,LOW,29,43.57,164.59
cañas mojarreras,Pesca,90,HIGH,100,14.43,78.56
cañas red fish,Pesca,90,HIGH,100,10.51,99.33
cañas redfish,Pesca,90,HIGH,100,10.51,99.33
cucharilla para pesca,Pesca,90,HIGH,94,20.48,163.64
cucharilla toby,Pesca,90,HIGH,100,41.21,211.38
moscas para pescar truchas,Pesca,90,HIGH,99,20.37,211.5
zapatillas de basquet para mujer,Basquet,70,HIGH,98,72.91,240.26
cesto de basquetbol,Basquet,70,MEDIUM,64,155.77,987.53
topper candun cs,Calzado/ropa deportiva generica de marca (descartar - ultra competido),70,HIGH,100,77.48,1632.45
dexter zapatillas de basquet,Basquet,70,HIGH,100,34.37,171.62
zapatillas de basquet baratas,Basquet,70,HIGH,100,78.92,414.22
and1 zapatillas basquet,Basquet,70,HIGH,100,60.94,457.41
aro de basquet n7,Basquet,70,HIGH,100,166.03,320.16
aro de basquet para habitacion,Basquet,70,HIGH,100,34.37,867.83
aro de basquet para pileta,Basquet,70,HIGH,67,0.0,0.0
finders zapatillas basquet,Basquet,70,HIGH,100,47.8,186.92
mini aro de basquet para habitacion,Basquet,70,HIGH,99,39.84,852.87
pelota basquet molten,Basquet,70,HIGH,100,31.39,345.86
pelota de basquet adidas,Basquet,70,HIGH,100,60.7,242.0
pelota de basquet profesional,Basquet,70,HIGH,97,50.0,257.38
pelota de básquet profesional,Basquet,70,HIGH,97,50.0,257.38
pelotas basquet molten,Basquet,70,HIGH,100,31.39,345.86
puma zapatillas de basquet,Basquet,70,HIGH,100,33.64,696.08
solo deportes zapatillas de basquet,Basquet,70,HIGH,100,17.81,144.66
zapatillas basquet talle 37,Basquet,70,HIGH,100,84.14,266.78
zapatillas de basquet kobe,Basquet,70,MEDIUM,54,62.9,332.99
zapatillas de basquet lebron,Basquet,70,HIGH,98,56.93,270.55
zapatillas de basquet negras,Basquet,70,HIGH,100,49.45,193.36
zapatillas de basquet talle 37,Basquet,70,HIGH,100,64.23,162.72
zapatos nike basquet,Basquet,70,HIGH,100,53.27,224.2
balon de voley,Voley,70,HIGH,72,26.61,147.48
zapatillas mizuno voley mujer,Voley,70,HIGH,100,41.76,228.77
asics zapatillas voley mujer,Voley,70,HIGH,100,24.85,198.11
adidas voley zapatillas,Voley,70,HIGH,100,24.65,180.11
asics para voley,Voley,70,HIGH,100,28.73,209.48
asics rodilleras voley,Voley,70,HIGH,98,24.47,182.12
asics tokyo voley,Voley,70,MEDIUM,40,27.19,208.28
pelota de voleibol original,Voley,70,HIGH,100,26.01,189.85
pelota de voley blanca,Voley,70,HIGH,76,0.0,0.0
pelota de voley mikasa v200w,Voley,70,HIGH,96,41.12,284.88
pelota de voley striker,Voley,70,HIGH,100,12.74,99.68
pelota voley png,Voley,70,LOW,1,0.0,0.0
postes de volleyball,Voley,70,MEDIUM,58,113.25,1346.64
rodillera procer voley,Voley,70,HIGH,91,21.41,80.69
rodilleras de voley para niñas,Voley,70,HIGH,97,13.98,100.29
rodilleras procer voley,Voley,70,HIGH,91,21.41,80.69
zapatillas adidas voley hombre,Voley,70,HIGH,100,27.8,184.72
zapatillas de mujer para voley,Voley,70,HIGH,99,27.4,224.44
guantes mtb,Ciclismo (accesorios),70,HIGH,100,52.82,394.27
luz delantera bicicleta,Ciclismo (accesorios),70,HIGH,93,28.39,292.85
zapatillas golden,Calzado/ropa deportiva generica de marca (descartar - ultra competido),70,HIGH,80,36.6,166.18
guantes fox mtb,Ciclismo (accesorios),70,HIGH,100,84.1,484.56
zapatillas mtb specialized,Ciclismo (accesorios),70,HIGH,100,94.0,420.33
zapatos de ciclismo,Ciclismo (accesorios),70,HIGH,100,42.87,440.45
zapatillas bicicleta,Ciclismo (accesorios),70,HIGH,100,80.35,599.23
zapatillas bici,Ciclismo (accesorios),70,HIGH,100,46.07,331.96
zapatillas para spinning,Calzado/ropa deportiva generica de marca (descartar - ultra competido),70,HIGH,100,48.02,333.67
luces traseras para bicicletas,Ciclismo (accesorios),70,HIGH,100,20.93,299.25
ropa para ciclismo mujer,Ciclismo (accesorios),70,HIGH,100,80.69,676.79
linterna bicicleta,Ciclismo (accesorios),70,HIGH,95,16.15,250.29
casco bell bicicleta,Ciclismo (accesorios),70,HIGH,100,29.18,224.95
zapatillas de bicicleta,Ciclismo (accesorios),70,HIGH,100,45.59,419.31
ropa para andar en bicicleta,Ciclismo (accesorios),70,HIGH,100,46.84,285.74
guantes para bicicleta mujer,Ciclismo (accesorios),70,HIGH,100,38.23,316.03
zapatilla duramo sl,Calzado/ropa deportiva generica de marca (descartar - ultra competido),70,HIGH,100,62.26,299.76
luz delantera bici,Ciclismo (accesorios),70,HIGH,93,28.39,292.85
casco infantil para bicicleta,Ciclismo (accesorios),70,HIGH,100,46.79,298.27
luz para bicicleta delantera,Ciclismo (accesorios),70,HIGH,100,13.38,158.73
zapatillas de bici,Ciclismo (accesorios),70,HIGH,100,45.59,419.31
zapatillas para ciclismo mtb,Ciclismo (accesorios),70,HIGH,100,48.52,293.86
luces de bicicleta recargables,Ciclismo (accesorios),70,HIGH,100,19.27,240.16
cascos con mips,Ciclismo (accesorios),70,HIGH,100,53.31,354.34
zapatillas para bicicleta mtb,Ciclismo (accesorios),70,HIGH,100,46.72,382.16
casco para andar en bicicleta,Ciclismo (accesorios),70,HIGH,100,20.78,285.55
precio casco bicicleta,Ciclismo (accesorios),70,HIGH,94,20.5,169.63
guantes para andar en bicicleta,Ciclismo (accesorios),70,HIGH,100,22.78,254.36
calzas ciclismo magenta,Ciclismo (accesorios),70,HIGH,100,59.68,261.95
casco bici precio,Ciclismo (accesorios),70,HIGH,94,20.5,169.63
casco para andar en bici,Ciclismo (accesorios),70,HIGH,100,20.78,285.55
casco para bici mtb,Ciclismo (accesorios),70,HIGH,100,40.16,336.57
casco para bicicleta barato,Ciclismo (accesorios),70,HIGH,100,46.15,303.3
casco para bicicleta mountain bike,Ciclismo (accesorios),70,HIGH,100,40.16,336.57
casco para bicicleta mtb,Ciclismo (accesorios),70,HIGH,100,40.16,336.57
guantes de ciclismo mtb,Ciclismo (accesorios),70,HIGH,100,45.46,344.71
guantes para andar en bici,Ciclismo (accesorios),70,HIGH,100,22.78,254.36
linterna bici,Ciclismo (accesorios),70,HIGH,95,16.15,250.29
luces para bicicleta delantera,Ciclismo (accesorios),70,HIGH,100,13.38,158.73
luces para las ruedas de la bicicleta,Ciclismo (accesorios),70,HIGH,100,2.26,61.71
luces para ruedas de bici,Ciclismo (accesorios),70,HIGH,100,2.26,61.71
luces traseras para bici,Ciclismo (accesorios),70,HIGH,100,20.93,299.25
luz de bicicleta recargable,Ciclismo (accesorios),70,HIGH,100,19.27,240.16
luz de giro para bici,Ciclismo (accesorios),70,HIGH,99,13.37,105.57
luz de giro para bicicleta,Ciclismo (accesorios),70,HIGH,99,13.37,105.57
ropa ciclismo para mujer,Ciclismo (accesorios),70,HIGH,100,80.69,676.79
ropa para andar en bici,Ciclismo (accesorios),70,HIGH,100,46.84,285.74
zapatillas para bici mtb,Ciclismo (accesorios),70,HIGH,100,46.72,382.16
anillas de gimnasia,Crossfit,70,HIGH,99,77.36,484.63
chaleco crossfit,Crossfit,70,HIGH,95,71.6,381.62
chaleco de lastre,Crossfit,70,HIGH,100,45.59,607.73
chaleco con peso para correr,Crossfit,70,HIGH,100,37.2,369.43
cajon de gimnasio,Crossfit,70,HIGH,96,116.8,570.17
pliometrico,Crossfit,70,LOW,4,0.0,0.0
salto pliometrico,Crossfit,70,LOW,7,0.0,0.0
bucal de hockey,Hockey (cesped),70,HIGH,81,15.02,233.35
canilleras hockey nena,Hockey (cesped),70,HIGH,100,58.47,334.99
jdh palos de hockey,Hockey (cesped),70,HIGH,100,29.06,176.76
osaka palo,Hockey (cesped),70,HIGH,100,74.22,490.8
palo de hockey 50 carbono,Hockey (cesped),70,HIGH,100,65.42,326.46
palo de hockey black,Hockey (cesped),70,HIGH,100,61.92,245.22
palo de hockey de fibra,Hockey (cesped),70,HIGH,100,63.59,187.92
palo de hockey fibra,Hockey (cesped),70,HIGH,100,63.59,187.92
palo de hockey jdh,Hockey (cesped),70,HIGH,100,29.06,176.76
palo de hockey lekker,Hockey (cesped),70,HIGH,100,78.9,300.1
palo de hockey png,Hockey (cesped),70,LOW,0,0.0,0.0
palo de hockey usado precio,Hockey (cesped),70,LOW,26,59.54,316.94
palo vlack 100 carbono,Hockey (cesped),70,HIGH,100,75.59,312.23
palos de hockey balling,Hockey (cesped),70,HIGH,100,65.27,326.72
palos de hockey y1,Hockey (cesped),70,HIGH,100,51.68,223.2
protector bucal para hockey,Hockey (cesped),70,HIGH,100,23.99,177.16
tk palo de hockey,Hockey (cesped),70,HIGH,100,42.44,390.03
vlack palo de hockey,Hockey (cesped),70,HIGH,96,52.8,267.77
pantalon rugby,Rugby,70,HIGH,100,61.37,403.99
botines gilbert rugby,Rugby,70,HIGH,100,52.37,171.86
pantalones rugby,Rugby,70,HIGH,100,61.37,403.99
botin rugby,Rugby,70,HIGH,100,66.44,225.69
botines de rugby outlet,Rugby,70,HIGH,100,46.01,164.59
botines asics rugby,Rugby,70,HIGH,100,42.65,254.36
botines de rugby puma,Rugby,70,HIGH,100,29.63,123.53
botines kakari rugby,Rugby,70,HIGH,100,85.05,280.19
botines mizuno rugby,Rugby,70,HIGH,100,40.92,216.52
botines rugby asics,Rugby,70,HIGH,100,42.65,254.36
pelota de rugby numero 5,Rugby,70,HIGH,100,55.13,246.18
pelota de rugby png,Rugby,70,LOW,0,0.0,0.0
pelotas de rugby numero 5,Rugby,70,HIGH,100,55.13,246.18
guantes leone,Boxeo,70,HIGH,98,50.84,171.52
guantes boxeo mujer,Boxeo,70,HIGH,100,59.89,398.74
twins guantes,Boxeo,70,HIGH,88,35.57,136.6
mejores guantes de boxeo,Boxeo,70,HIGH,93,85.82,200.11
vendas everlast,Boxeo,70,HIGH,100,12.81,142.42
guantes de boxeo 10 oz,Boxeo,70,HIGH,100,38.79,275.28
guantes king boxing,Boxeo,70,HIGH,96,18.76,242.16
bucal mma,Boxeo,70,HIGH,99,15.34,247.31
guantes de kick boxing para mujer,Boxeo,70,HIGH,98,45.47,313.9
guantes de boxeo para entrenar,Boxeo,70,HIGH,100,29.57,335.92
vendas de boxeo 5 metros,Boxeo,70,HIGH,100,20.04,222.29
vendas kick boxing,Boxeo,70,HIGH,98,28.77,338.68
guantes de entrenamiento boxeo,Boxeo,70,HIGH,98,28.02,217.71
cintas de boxeo,Boxeo,70,HIGH,95,8.52,258.2
bocal de boxeo,Boxeo,70,HIGH,86,7.43,168.88
bolsa de boxeo casera,Boxeo,70,MEDIUM,43,0.0,0.0
bolsa de boxeo casero,Boxeo,70,MEDIUM,43,0.0,0.0
bolsa de boxeo de pared,Boxeo,70,HIGH,74,86.56,221.23
boxing life guantes,Boxeo,70,HIGH,97,43.91,173.69
bucales mma,Boxeo,70,HIGH,99,15.34,247.31
de cuantas onzas son los guantes de boxeo profesional,Boxeo,70,LOW,30,0.0,0.0
foco de boxeo,Boxeo,70,HIGH,95,13.52,153.53
guantes boxeo winning,Boxeo,70,HIGH,79,89.5,194.82
guantes de box cuero,Boxeo,70,HIGH,100,43.78,239.4
guantes de boxeo bulls,Boxeo,70,HIGH,96,8.71,135.3
guantes de boxeo con cordones,Boxeo,70,HIGH,100,41.2,248.34
guantes de boxeo para bolsa,Boxeo,70,HIGH,100,33.38,219.5
guantes de boxeo sonnos,Boxeo,70,HIGH,100,18.91,187.5
protector bucal para boxeadores,Boxeo,70,HIGH,98,16.58,144.56
protector bucal precio,Boxeo,70,HIGH,91,14.99,104.74
protector inguinal boxeo,Boxeo,70,HIGH,100,37.83,239.21
proyec guantes de boxeo,Boxeo,70,HIGH,100,47.28,209.26
vendas para kick boxing,Boxeo,70,HIGH,100,16.55,225.53
traje de baño arena,Natacion,70,HIGH,100,68.54,574.86
aletas cortas natacion,Natacion,70,HIGH,100,50.52,313.83
ropa para natación,Natacion,70,HIGH,100,46.25,317.97
gorro natacion arena,Natacion,70,HIGH,100,37.49,173.55
aletas pino,Natacion,70,HIGH,100,41.65,175.56
antiparras adidas natacion,Natacion,70,HIGH,100,31.93,209.48
antiparras buceo,Natacion,70,HIGH,85,45.16,342.67
antiparras de buceo,Natacion,70,HIGH,91,44.89,296.26
antiparras espejadas natacion,Natacion,70,HIGH,97,43.39,234.29
antiparras natacion hydro,Natacion,70,HIGH,100,22.4,105.82
antiparras para agua,Natacion,70,HIGH,96,64.75,204.72
antiparras profesionales,Natacion,70,HIGH,100,40.61,329.18
arena gorras de natacion,Natacion,70,HIGH,100,34.77,226.5
gorra de silicona para natacion,Natacion,70,HIGH,100,25.23,178.73
gorra de silicona para natación,Natacion,70,HIGH,100,25.23,178.73
gorra pileta,Natacion,70,HIGH,100,16.95,148.13
konna natacion,Natacion,70,HIGH,89,32.25,138.96
malla de natacion arena,Natacion,70,HIGH,100,49.72,435.41
patas de rana pino,Natacion,70,HIGH,100,41.39,177.22
zapatillas de basquet en oferta,Basquet,50,HIGH,100,70.3,222.65
reebok zapatillas basquet,Basquet,50,HIGH,100,66.71,247.13
zapatillas adidas para basquet,Basquet,50,HIGH,100,82.04,226.35
aro de basquet de juguete,Basquet,50,HIGH,100,25.86,212.61
aro de basquet nba,Basquet,50,MEDIUM,40,463.77,2640.12
aro de basquet para pared,Basquet,50,HIGH,100,63.38,1017.46
aro de basquet png,Basquet,50,LOW,0,0.0,0.0
aro de basquetbol juguete,Basquet,50,HIGH,100,25.86,212.61
aro de basquetbol nba,Basquet,50,MEDIUM,40,463.77,2640.12
aro de basquetbol png,Basquet,50,LOW,0,0.0,0.0
aro para basquet,Basquet,50,HIGH,100,71.4,581.34
botitas topper basquet,Basquet,50,HIGH,69,0.0,0.0
curry zapatillas de basquet,Basquet,50,HIGH,79,42.21,579.78
marca de zapatillas de basquet,Basquet,50,HIGH,90,61.63,227.96
mejor zapatilla de basquet,Basquet,50,HIGH,100,41.26,228.15
mercado libre zapatillas de basquet,Basquet,50,HIGH,96,89.78,237.78
mini pelota de basquet,Basquet,50,HIGH,100,38.58,272.36
pelota basquet nike,Basquet,50,HIGH,100,76.73,266.97
pelota basquet spalding,Basquet,50,HIGH,98,21.82,323.73
pelota de basquet nba,Basquet,50,HIGH,100,155.2,1414.87
pelota de basquetbol nba,Basquet,50,HIGH,100,155.2,1414.87
tablero electronico basquet,Basquet,50,HIGH,100,124.49,687.59
tablero electrónico basquet,Basquet,50,HIGH,100,124.49,687.59
zapatillas anta basquet,Basquet,50,HIGH,98,47.11,360.62
zapatillas basquet talle 36,Basquet,50,HIGH,100,75.95,330.96
zapatillas basquet talle 38,Basquet,50,HIGH,100,82.49,336.56
zapatillas de basquet finders,Basquet,50,HIGH,100,78.6,200.78
zapatillas de basquet kyrie,Basquet,50,MEDIUM,53,68.96,254.48
zapatillas de basquet talle 36,Basquet,50,HIGH,100,60.71,246.45
zapatillas de basquet talle 38,Basquet,50,HIGH,100,71.28,272.89
zapatillas de básquet mercado libre,Basquet,50,HIGH,100,71.35,258.9
zapatillas nike de basquet hombre,Basquet,50,HIGH,100,51.41,161.3
zapatillas de voleibol,Calzado/ropa deportiva generica de marca (descartar - ultra competido),50,HIGH,97,101.83,155.77
zapatillas suela caramelo voley,Voley,50,HIGH,99,26.44,121.83
zapatillas de voley mujer asics,Voley,50,HIGH,99,37.04,217.0
mejores zapatillas para voley,Voley,50,HIGH,100,27.18,146.32
voley zapatillas mujer,Voley,50,HIGH,100,27.16,204.03
zapatillas adidas para voley mujer,Voley,50,HIGH,100,25.12,139.91
adidas para voley,Voley,50,HIGH,100,24.65,142.04
adidas zapatillas de voley,Voley,50,HIGH,100,23.57,122.99
marcas de zapatillas de voley,Voley,50,HIGH,91,27.92,128.62
mikasa pelota de voley,Voley,50,HIGH,100,14.38,116.66
pelota de voley de goma,Voley,50,HIGH,100,0.0,0.0
pelota de voley dribbling,Voley,50,HIGH,100,14.77,52.27
pelota de voley pinter,Voley,50,HIGH,98,12.05,234.13
pelota de voley playa,Voley,50,MEDIUM,46,0.0,0.0
pelota de voley topper,Voley,50,HIGH,100,80.27,782.61
pelota de voley wolfi,Voley,50,HIGH,100,28.16,852.13
pelota pintier voley precio,Voley,50,HIGH,90,20.5,206.8
pelota voley precio,Voley,50,HIGH,94,8.17,65.9
pinter pelotas de voley,Voley,50,HIGH,88,25.45,394.42
pintier tricolor,Voley,50,HIGH,100,27.97,130.57
precio de rodilleras para voley,Voley,50,MEDIUM,55,12.06,171.33
profesional zapatillas de voley,Voley,50,LOW,29,0.0,0.0
red de voley mercado libre,Voley,50,HIGH,100,190.34,489.25
red voley profesional,Voley,50,HIGH,100,93.66,621.44
rodilleras de voley nike,Voley,50,HIGH,100,27.94,138.45
rodilleras de voley profesional,Voley,50,HIGH,100,28.67,356.27
rodilleras errea voley,Voley,50,HIGH,100,25.78,261.22
suela de zapatillas de voley,Voley,50,LOW,7,0.0,0.0
wilson pelota de voley,Voley,50,MEDIUM,36,0.0,0.0
zapatillas deportivas voley,Voley,50,HIGH,98,33.61,242.68
zapatos voley mujer,Voley,50,HIGH,100,28.06,178.11
zapatillas spinning,Calzado/ropa deportiva generica de marca (descartar - ultra competido),50,HIGH,100,43.74,347.16
casco enduro mtb,Ciclismo (accesorios),50,HIGH,100,60.35,327.83
zapatillas mtb mujer,Ciclismo (accesorios),50,HIGH,100,50.43,384.92
zapatillas sidi mtb,Ciclismo (accesorios),50,HIGH,100,67.9,315.91
zapatillas de ruta,Calzado/ropa deportiva generica de marca (descartar - ultra competido),50,HIGH,95,19.24,344.14
zapatillas de mtb,Ciclismo (accesorios),50,HIGH,100,43.87,435.41
zapatillas giro mtb,Ciclismo (accesorios),50,HIGH,100,48.27,240.17
casco ciclismo ruta,Ciclismo (accesorios),50,HIGH,100,54.64,346.46
guantes ciclismo mujer,Ciclismo (accesorios),50,HIGH,100,45.5,353.34
anillas de calistenia,Crossfit,50,HIGH,100,76.1,629.4
cajon de salto medidas,Crossfit,50,HIGH,100,58.44,514.43
cajon para saltos,Crossfit,50,HIGH,100,62.6,607.89
balling palos de hockey,Hockey (cesped),50,HIGH,100,37.01,198.8
brabo palos de hockey,Hockey (cesped),50,HIGH,100,57.0,268.72
bucal para hockey,Hockey (cesped),50,HIGH,100,22.07,185.54
canilleras hockey vlack,Hockey (cesped),50,HIGH,100,79.66,365.29
greys palos de hockey,Hockey (cesped),50,HIGH,100,37.51,212.77
mejor palo de hockey,Hockey (cesped),50,HIGH,100,44.49,259.83
palo brabo elite 3,Hockey (cesped),50,HIGH,100,97.65,278.38
palo brabo hockey,Hockey (cesped),50,HIGH,100,71.18,407.44
palo de hockey 30 carbono,Hockey (cesped),50,HIGH,100,61.22,266.67
palo de hockey adidas rosa,Hockey (cesped),50,MEDIUM,60,0.0,0.0
palo de hockey drial,Hockey (cesped),50,HIGH,97,47.49,1094.91
palo de hockey greys,Hockey (cesped),50,HIGH,100,37.51,212.77
palo de hockey profesional,Hockey (cesped),50,HIGH,96,28.3,129.42
palo de hockey raccoon,Hockey (cesped),50,HIGH,100,42.46,197.49
palo de hockey rosa,Hockey (cesped),50,HIGH,100,51.14,244.07
palo de hockey vlack precio,Hockey (cesped),50,HIGH,95,39.31,181.39
palo de hockey y bocha,Hockey (cesped),50,HIGH,77,14.3,257.92
palo hockey brabo,Hockey (cesped),50,HIGH,98,93.35,457.16
palo hockey malik,Hockey (cesped),50,HIGH,95,54.87,203.24
palo hockey simbra,Hockey (cesped),50,HIGH,100,11.71,119.69
palo hockey sobre patines,Hockey (cesped),50,MEDIUM,38,45.98,292.56
palo hockey tk,Hockey (cesped),50,HIGH,89,53.27,327.59
palo tk hockey,Hockey (cesped),50,HIGH,100,49.74,237.66
palo vlack 95 carbono,Hockey (cesped),50,HIGH,100,76.39,304.02
palos de hockey 80 carbono,Hockey (cesped),50,HIGH,98,73.38,238.08
palos de hockey drial,Hockey (cesped),50,HIGH,97,47.49,1094.91
palos gryphon,Hockey (cesped),50,HIGH,100,74.69,215.92
palos osaka hockey,Hockey (cesped),50,HIGH,100,62.89,230.47
pelota de hockey sobre césped,Hockey (cesped),50,HIGH,72,31.75,301.96
polleras de hockey femenino,Hockey (cesped),50,HIGH,85,84.31,275.61
vlack palos de hockey,Hockey (cesped),50,HIGH,93,76.6,337.47
pantalon rugby hombre,Rugby,50,HIGH,100,46.26,276.09
botines de rugby para backs,Rugby,50,HIGH,100,42.3,183.94
bucal de rugby,Rugby,50,HIGH,88,9.35,184.96
bucales de rugby,Rugby,50,HIGH,88,9.35,184.96
hombrera de rugby,Rugby,50,HIGH,91,36.16,217.71
hombreras rugby flash,Rugby,50,MEDIUM,51,30.76,195.17
mini pelota de rugby,Rugby,50,HIGH,97,28.71,69.17
pelota de rugby de los pumas,Rugby,50,HIGH,67,0.0,0.0
pelota de rugby en cancha,Rugby,50,LOW,1,0.0,0.0
guantes de boxeo twins,Boxeo,50,HIGH,100,76.07,247.04
vendas venum,Boxeo,50,HIGH,67,30.89,178.55
guantes de boxeo 16 oz,Boxeo,50,HIGH,100,32.12,292.21
guantes de boxeo 10 onzas,Boxeo,50,HIGH,100,40.86,287.07
guantes venum mma,Boxeo,50,HIGH,90,23.23,171.66
guantes top king,Boxeo,50,HIGH,100,29.45,222.29
guantes de boxeo rival,Boxeo,50,HIGH,100,44.89,191.97
aletas para nadar,Natacion,50,HIGH,100,47.27,258.63
traje de baño deportivo,Natacion,50,HIGH,94,46.01,196.66
traje de baño speedo mujer,Natacion,50,HIGH,100,51.63,432.23
traje de natación hombre,Natacion,50,HIGH,100,49.8,241.6
traje de natacion,Natacion,50,HIGH,93,47.2,220.96
tabla para nadar,Natacion,50,HIGH,100,40.57,304.79
lentes para el agua,Natacion,50,HIGH,81,15.41,178.55
ropa de natación mujer,Natacion,50,HIGH,84,73.02,463.84
gorro de natación mujer,Natacion,50,HIGH,95,28.97,205.43
ropa para natación hombre,Natacion,50,HIGH,100,155.77,706.53
ropa para natación mujer,Natacion,50,HIGH,98,50.33,707.82
tabla para natacion,Natacion,50,HIGH,100,45.59,568.58
gorro de baño mujer,Natacion,50,HIGH,98,32.2,292.57
gorro de natacion adidas,Natacion,50,HIGH,100,52.29,183.12
antiparras aguas abiertas,Natacion,50,HIGH,100,70.09,296.09
antiparras con aumento para natación,Natacion,50,HIGH,93,111.69,1308.68
antiparras con nariz,Natacion,50,MEDIUM,40,0.0,0.0
antiparras nabaiji,Natacion,50,HIGH,99,42.0,190.49
antiparras natacion mujer,Natacion,50,HIGH,99,54.23,379.15
antiparras natacion precio,Natacion,50,HIGH,95,14.08,69.0
antiparras natacion speedo,Natacion,50,HIGH,100,41.95,260.1
gorra de natacion hydro,Natacion,50,HIGH,100,22.93,116.7
gorras de natacion hydro,Natacion,50,HIGH,100,22.93,116.7
gorro arena natacion,Natacion,50,HIGH,100,33.89,197.96
gorro de tela natacion,Natacion,50,HIGH,100,15.39,198.17
precio de antiparras para natacion,Natacion,50,HIGH,72,9.31,73.98
ropa para natacion hombre,Natacion,50,HIGH,100,155.77,706.53
ropa para natacion mujer,Natacion,50,HIGH,98,50.33,707.82
slip natacion hombre,Natacion,50,HIGH,100,93.87,452.02
trajes de natacion hombres,Natacion,50,HIGH,100,49.8,241.6
tablero basket,Basquet,40,HIGH,100,78.5,329.97
zapatillas basquet 37,Basquet,40,HIGH,100,93.26,276.0
zapatillas de basquet para niñas,Basquet,40,HIGH,100,51.91,196.19
zapatillas basquet 38,Basquet,40,HIGH,100,94.84,388.52
zapatillas nike hombre basquet,Basquet,40,HIGH,100,42.12,167.72
aro basquet con pie,Basquet,40,HIGH,100,118.04,609.13
aro de basquet chiquito,Basquet,40,HIGH,96,21.32,277.14
aro de basquet con base,Basquet,40,HIGH,100,97.16,311.63
aro de basquet con pie profesional,Basquet,40,HIGH,99,101.38,273.82
aro de basquet infantil,Basquet,40,HIGH,100,43.32,320.62
aro de básquet infantil,Basquet,40,HIGH,100,43.32,320.62
botas de basquet nike,Basquet,40,HIGH,93,47.61,132.89
las mejores zapatillas de basquet,Basquet,40,HIGH,99,62.26,402.32
peak zapatillas de basquet,Basquet,40,HIGH,100,37.16,201.51
pelota de basquet cuero,Basquet,40,HIGH,100,20.24,207.82
pelota de basquet jordan,Basquet,40,HIGH,87,53.18,151.45
pelota de basquet negra,Basquet,40,HIGH,99,48.51,218.66
pelota nike basquet,Basquet,40,HIGH,100,44.02,175.46
pelotas de basquetbol jordan,Basquet,40,HIGH,87,53.18,151.45
precio de zapatillas de basquet,Basquet,40,HIGH,93,34.36,103.85
tablero basquet exterior,Basquet,40,HIGH,100,105.63,311.36
zapatillas voleibol mujer,Calzado/ropa deportiva generica de marca (descartar - ultra competido),40,HIGH,100,26.31,173.64
zapatillas de voleibol mujer,Calzado/ropa deportiva generica de marca (descartar - ultra competido),40,HIGH,100,28.14,270.37
mizuno voley mujer,Voley,40,HIGH,100,29.27,188.89
pelota voley playa,Voley,40,HIGH,80,23.44,302.36
zapatillas para jugar voley mujer,Voley,40,HIGH,97,25.52,409.8
rodilleras blancas voley,Voley,40,HIGH,100,22.3,247.31
asics blancas voley,Voley,40,MEDIUM,58,0.0,0.0
asics botitas voley,Voley,40,HIGH,96,25.11,389.03
la pelota de voley,Voley,40,LOW,21,0.0,0.0
pelota beach voley,Voley,40,HIGH,92,27.95,247.35
pelota de voley penalty,Voley,40,HIGH,81,5.2,61.66
pelotas voley playa,Voley,40,HIGH,80,23.44,302.36
pelotas volleyball,Voley,40,HIGH,84,22.71,217.71
rodillera voley drb,Voley,40,HIGH,100,8.04,134.41
rodilleras adidas voley,Voley,40,HIGH,96,24.47,106.65
rodilleras mikasa voley,Voley,40,HIGH,100,24.88,96.94
rodilleras para voley niñas,Voley,40,HIGH,100,20.91,193.79
rodilleras voley adidas,Voley,40,HIGH,99,24.06,135.24
rodilleras voley blancas,Voley,40,HIGH,89,22.11,183.66
rodilleras voley mikasa,Voley,40,HIGH,100,24.88,96.94
voleibol zapatillas mizuno voley mujer,Voley,40,LOW,6,0.0,0.0
voley mikasa,Voley,40,HIGH,100,0.0,0.0
zapatillas asics de voley mujer,Voley,40,HIGH,100,24.65,306.41
zapatillas de voley baratas,Voley,40,HIGH,100,48.33,314.22
zapatillas deportivas para voley,Voley,40,HIGH,94,22.71,105.29
zapatillas joma voley,Voley,40,HIGH,100,37.33,383.29
zapatillas nike voley hombre,Voley,40,HIGH,100,26.84,164.04
zapatillas para voley niñas,Voley,40,HIGH,99,26.31,206.19
cinturon de crossfit,Crossfit,40,HIGH,100,56.15,438.67
chaleco peso entrenamiento,Crossfit,40,HIGH,100,51.32,607.91
chaleco entrenamiento,Crossfit,40,HIGH,100,46.12,344.14
cinturon para crossfit,Crossfit,40,HIGH,100,62.07,373.46
chaleco de entrenamiento con peso,Crossfit,40,HIGH,100,30.95,297.61
aros para crossfit,Crossfit,40,HIGH,100,114.12,482.17
chaleco rucking,Crossfit,40,HIGH,100,89.75,446.46
chalecos para entrenar,Crossfit,40,HIGH,99,27.89,168.59
medidas oficiales cajon de crossfit,Crossfit,40,HIGH,89,0.0,0.0
palo de hockey 37.5,Hockey (cesped),40,HIGH,100,108.35,607.79
palo de arquero hockey,Hockey (cesped),40,HIGH,100,67.03,331.85
palo de hockey donnay,Hockey (cesped),40,MEDIUM,39,9.81,121.98
palo de hockey infantil,Hockey (cesped),40,HIGH,100,30.71,351.24
palo de hockey para defensoras,Hockey (cesped),40,HIGH,100,69.17,364.68
palo de hockey princess,Hockey (cesped),40,HIGH,100,42.04,211.11
palo de hockey stick,Hockey (cesped),40,MEDIUM,58,0.0,0.0
palo simbra,Hockey (cesped),40,HIGH,100,33.11,251.75
palo y bocha de hockey,Hockey (cesped),40,MEDIUM,40,0.0,0.0
palos de hockey en venta,Hockey (cesped),40,HIGH,100,93.52,369.81
palos de hockey venta,Hockey (cesped),40,HIGH,100,93.52,369.81
palos jdh,Hockey (cesped),40,HIGH,83,26.91,126.27
pollera adidas hockey,Hockey (cesped),40,HIGH,97,75.67,227.7
simbra palo de hockey,Hockey (cesped),40,HIGH,100,101.02,472.55
stick palo de hockey,Hockey (cesped),40,MEDIUM,58,0.0,0.0
adidas botines de rugby,Rugby,40,HIGH,100,40.5,146.83
botines adidas para rugby,Rugby,40,HIGH,100,30.27,145.39
botines adidas rugby kakari,Rugby,40,HIGH,100,18.77,196.37
botines adipanes,Rugby,40,HIGH,100,61.92,197.61
bucal para rugby,Rugby,40,HIGH,97,2.34,83.54
gilbert pelota,Rugby,40,HIGH,96,44.63,209.48
pelota de rugby topper,Rugby,40,HIGH,100,23.37,755.26
pelota rugby png,Rugby,40,LOW,0,0.0,0.0
protector bucal gilbert,Rugby,40,HIGH,97,39.77,126.49
puma borussia rugby,Rugby,40,HIGH,100,41.39,165.62
gafas natacion,Natacion,40,HIGH,81,72.08,617.02
trajes de baño para natacion mujer,Natacion,40,HIGH,97,47.11,474.65
traje de baño speedo hombre,Natacion,40,HIGH,100,45.53,260.95
gorro para nadar,Natacion,40,HIGH,90,40.61,197.72
aletas natacion arena,Natacion,40,HIGH,100,45.53,275.12
gorros de natación personalizados,Natacion,40,HIGH,100,84.83,396.57
gorro natacion speedo,Natacion,40,HIGH,89,27.1,89.78
gorros de baño para piscina,Natacion,40,HIGH,100,32.41,127.7
anteojos de natacion,Natacion,40,HIGH,84,11.51,825.6
anteojos para natacion,Natacion,40,HIGH,90,40.69,264.94
antiparras arena cobra ultra,Natacion,40,HIGH,100,42.01,332.9
antiparras arena espejadas,Natacion,40,HIGH,67,0.0,0.0
antiparras arena the one,Natacion,40,HIGH,100,50.64,243.39
antiparras natacion con aumento,Natacion,40,HIGH,93,116.87,1570.53
antiparras para nadar,Natacion,40,HIGH,93,50.33,235.04
antiparras para natacion precios,Natacion,40,HIGH,86,17.49,122.21
antiparras tyr,Natacion,40,HIGH,100,41.6,381.3
gafas para agua,Natacion,40,HIGH,75,0.0,0.0
gorra de baño natacion,Natacion,40,HIGH,100,27.37,188.7
gorra de baño natación,Natacion,40,HIGH,100,27.37,188.7
gorra lycra natacion,Natacion,40,HIGH,100,16.74,138.97
gorro latex,Natacion,40,LOW,32,0.0,0.0
gorro natacion hydro,Natacion,40,HIGH,100,17.17,107.43
malla natacion nike,Natacion,40,HIGH,100,44.99,366.32
mallas 2 piezas natacion,Natacion,40,HIGH,100,61.34,442.07
mallas natacion mujer dos piezas,Natacion,40,HIGH,100,48.87,307.08
marcas de mallas de natación,Natacion,40,HIGH,100,50.66,294.9
mejores antiparras natacion,Natacion,40,HIGH,100,62.31,347.13
short para natación hombre,Natacion,40,HIGH,100,24.86,320.76
speedo patas de rana,Natacion,40,HIGH,100,41.4,304.79
trajes de baño para natacion mujeres gorditas,Natacion,40,HIGH,71,0.0,0.0
zapatillas voleibol,Calzado/ropa deportiva generica de marca (descartar - ultra competido),30,HIGH,100,94.25,269.97
tenis asics voleibol mujer,Voley,30,MEDIUM,36,0.0,0.0
mizuno voley hombre,Voley,30,HIGH,92,57.12,205.18
asics zapatillas mujer voley,Voley,30,HIGH,100,26.47,131.17
zapatillas mizuno voley hombre,Voley,30,HIGH,100,28.26,361.21
red voley portatil,Voley,30,HIGH,100,49.76,516.42
red de voley para piscina,Voley,30,HIGH,100,0.0,0.0
asics de voley,Voley,30,HIGH,88,23.75,154.87
asics voley zapatillas,Voley,30,HIGH,100,28.31,252.73
calzado para volleyball,Voley,30,HIGH,100,24.53,253.25
las zapatillas de basquet sirven para voley,Voley,30,MEDIUM,52,0.0,0.0
caja pliometrica,Crossfit,30,HIGH,100,198.09,624.6
cajon salto,Crossfit,30,HIGH,100,74.44,607.89
chaleco con peso 10 kg,Crossfit,30,HIGH,100,67.4,560.59
anillas crossfit,Crossfit,30,HIGH,100,278.6,734.44
cajon de pliometria,Crossfit,30,HIGH,92,82.58,629.4
chaleco de crossfit,Crossfit,30,HIGH,100,45.53,395.89
anillas gimnasia artistica,Crossfit,30,MEDIUM,44,0.0,0.0
aros para calistenia,Crossfit,30,HIGH,93,31.52,504.18
cajon de crossfit medidas,Crossfit,30,HIGH,100,77.66,624.6
cajon para crossfit,Crossfit,30,HIGH,98,98.12,552.28
cajones de pliometria,Crossfit,30,HIGH,92,82.58,629.4
cajón de salto crossfit,Crossfit,30,HIGH,100,99.57,552.28
chaleco con peso 50 kg,Crossfit,30,HIGH,96,44.2,481.07
chaleco de carga,Crossfit,30,HIGH,87,45.59,402.35
chaleco everlast,Crossfit,30,MEDIUM,55,24.67,152.46
medidas de cajon de crossfit,Crossfit,30,HIGH,100,0.0,0.0
salto de cajon,Crossfit,30,LOW,4,0.0,0.0
salto de cajón,Crossfit,30,LOW,4,0.0,0.0
saltos de cajon,Crossfit,30,LOW,4,0.0,0.0
stick hockey patines,Hockey (cesped),30,MEDIUM,33,0.0,0.0
adidas palo,Hockey (cesped),30,HIGH,100,51.46,145.39
articulos de hockey,Hockey (cesped),30,HIGH,100,95.62,324.7
black palos de hockey,Hockey (cesped),30,HIGH,100,75.48,381.74
canilleras de hockey precio,Hockey (cesped),30,HIGH,94,13.45,148.13
canilleras hockey simbra,Hockey (cesped),30,HIGH,90,31.93,126.8
canilleras reves,Hockey (cesped),30,HIGH,98,60.99,165.83
canilleras simbra,Hockey (cesped),30,HIGH,100,26.25,494.02
canilleras voodoo,Hockey (cesped),30,HIGH,100,50.84,371.48
palo arquero hockey,Hockey (cesped),30,HIGH,100,106.93,422.25
palo de hockey 32 pulgadas,Hockey (cesped),30,HIGH,100,47.47,213.19
palo de hockey 37,Hockey (cesped),30,HIGH,100,55.76,401.59
palo de hockey bravo,Hockey (cesped),30,HIGH,100,42.23,495.6
palo de hockey cesped,Hockey (cesped),30,HIGH,82,83.11,508.01
palo de hockey joma,Hockey (cesped),30,HIGH,93,7.46,107.42
palo de hockey pista,Hockey (cesped),30,HIGH,100,95.65,455.53
palo hockey arquero,Hockey (cesped),30,HIGH,100,106.93,422.25
palo hockey balling,Hockey (cesped),30,HIGH,94,80.49,430.53
palo hockey reves,Hockey (cesped),30,HIGH,100,33.5,250.42
palo hockey vlack carbono,Hockey (cesped),30,HIGH,100,114.96,369.39
palos de hockey 60 carbono,Hockey (cesped),30,HIGH,100,51.63,203.7
palos de hockey baratos,Hockey (cesped),30,HIGH,100,41.92,202.82
palos de hockey cruzados,Hockey (cesped),30,LOW,6,0.0,0.0
palos de hockey de fibra de vidrio y carbono,Hockey (cesped),30,HIGH,100,63.77,137.29
palos de hockey indoor,Hockey (cesped),30,HIGH,98,78.57,299.99
palos de hockey que usan las leonas,Hockey (cesped),30,HIGH,97,67.93,642.78
palos greys,Hockey (cesped),30,HIGH,100,31.36,181.6
pelota de hockey cesped,Hockey (cesped),30,HIGH,84,76.88,240.35
pelota de hockey sobre hielo,Hockey (cesped),30,LOW,18,0.0,0.0
pollera de hockey negra,Hockey (cesped),30,HIGH,100,65.55,287.55
pollera las leonas,Hockey (cesped),30,MEDIUM,55,77.56,428.89
pollera vlack hockey,Hockey (cesped),30,HIGH,100,88.4,291.87
stick de hockey sobre patines,Hockey (cesped),30,MEDIUM,55,39.69,248.36
tipos de palo de hockey,Hockey (cesped),30,HIGH,71,21.98,222.91
un palo de hockey,Hockey (cesped),30,MEDIUM,44,0.0,0.0
botines rugby tapones aluminio,Rugby,30,HIGH,97,50.66,206.46
botines adidas kakari sg,Rugby,30,HIGH,95,56.02,1148.72
botines con tapones de aluminio rugby,Rugby,30,HIGH,100,40.47,179.55
botines de rugby canterbury,Rugby,30,HIGH,100,51.47,187.0
botines de rugby gilbert,Rugby,30,HIGH,100,38.71,189.41
botines de rugby tapones de aluminio,Rugby,30,HIGH,79,11.74,354.23
botines lotto rugby,Rugby,30,HIGH,100,0.0,0.0
botines para rugby con tapones de acero,Rugby,30,HIGH,100,30.51,142.86
botines rugby gilbert,Rugby,30,HIGH,100,42.21,157.14
guinda pelota de rugby,Rugby,30,MEDIUM,38,19.97,80.49
pelota de rugby adidas,Rugby,30,HIGH,77,20.57,131.71
pelota de rugby flash,Rugby,30,HIGH,100,28.95,171.92
pelota de rugby numero 3,Rugby,30,HIGH,100,66.61,522.63
pelota flash rugby,Rugby,30,HIGH,97,27.42,109.96
pelota rugby flash,Rugby,30,HIGH,97,27.42,109.96
pelota rugby numero 5,Rugby,30,HIGH,100,55.68,292.17
pelota rugby topper,Rugby,30,HIGH,89,25.51,180.84
protector bucal para rugby,Rugby,30,HIGH,83,19.77,172.12
gorros de piscina,Natacion,30,LOW,20,0.0,0.0
aletas arena powerfin pro,Natacion,30,HIGH,100,112.6,1074.63
aletas speedo,Natacion,30,HIGH,100,45.09,236.43
aletas para natacion,Natacion,30,HIGH,100,60.63,284.29
traje natacion mujer,Natacion,30,HIGH,100,46.7,402.86
traje de baño arena hombre,Natacion,30,HIGH,100,55.01,478.36
lentes para natacion,Natacion,30,HIGH,100,70.29,449.37
gafas para natacion,Natacion,30,HIGH,100,25.06,401.95
ropa de natación hombre,Natacion,30,HIGH,92,67.39,308.47
traje de baño para natacion hombre,Natacion,30,HIGH,100,53.63,331.78
gafas de agua,Natacion,30,HIGH,87,0.0,0.0
ropa natación hombre,Natacion,30,HIGH,100,81.05,755.31
ropa natacion mujer,Natacion,30,HIGH,100,81.05,538.65
gorro natacion tela,Natacion,30,HIGH,96,20.54,155.08
gorro natacion hombre,Natacion,30,HIGH,99,43.14,275.92
aleta cressi,Natacion,30,HIGH,96,65.76,269.33
anteojos para pileta,Natacion,30,HIGH,100,0.0,0.0
antiparras anti fog,Natacion,30,HIGH,100,50.52,462.13
antiparras para aguas abiertas,Natacion,30,HIGH,100,0.0,0.0
antiparras speedo fastskin,Natacion,30,HIGH,100,40.94,254.36
antiparras suecas arena,Natacion,30,HIGH,100,61.52,360.92
arena ropa natacion,Natacion,30,HIGH,100,50.76,825.51
gorra arena natacion,Natacion,30,HIGH,100,33.98,188.28
gorra de natacion adulto,Natacion,30,HIGH,100,36.85,255.98
gorra de natación impermeable,Natacion,30,HIGH,100,22.29,130.26
gorra de silicon,Natacion,30,HIGH,85,23.71,77.09
gorra de silicona,Natacion,30,HIGH,85,23.71,77.09
gorras de baño para natacion,Natacion,30,HIGH,100,0.0,0.0
gorras de lycra para natacion,Natacion,30,HIGH,100,18.33,181.51
gorras de natacion de tela,Natacion,30,HIGH,100,0.0,0.0
gorro de baño para natacion,Natacion,30,HIGH,100,21.56,208.18
gorro de natacion para pelo largo,Natacion,30,HIGH,100,38.09,171.58
gorro de natacion y antiparras,Natacion,30,HIGH,100,23.75,266.9
gorro de natación impermeable,Natacion,30,HIGH,100,22.29,130.26
mallas de natacion mujer nike,Natacion,30,HIGH,100,22.16,126.52
nabaiji antiparras,Natacion,30,HIGH,98,30.47,185.43
patas de rana y snorkel,Natacion,30,HIGH,100,42.09,376.71
ropa de natacion para hombre,Natacion,30,HIGH,90,70.03,381.93
ropa de natacion para hombres,Natacion,30,HIGH,90,70.03,381.93
traje natacion neopreno,Natacion,30,HIGH,100,0.0,0.0
cinturon lumbar crossfit,Crossfit,20,HIGH,90,50.88,296.15
chaleco lastrado 20 kg,Crossfit,20,HIGH,93,143.32,518.68
banco pliometrico,Crossfit,20,HIGH,100,151.53,636.83
cinturón crossfit mujer,Crossfit,20,HIGH,100,50.96,367.59
chaleco con peso 20 kg,Crossfit,20,HIGH,100,58.51,308.32
cinturon crossfit mujer,Crossfit,20,HIGH,100,50.96,367.59
chaleco 20 kg,Crossfit,20,HIGH,100,160.43,627.82
chaleco crossfit 10 kg,Crossfit,20,HIGH,100,35.69,465.79
cajon crossfit medidas,Crossfit,20,HIGH,100,75.76,557.93
anillas gym,Crossfit,20,HIGH,100,179.55,566.91
anillas para calistenia,Crossfit,20,HIGH,100,75.2,607.91
anillos gym,Crossfit,20,HIGH,100,179.55,566.91
aros calistenia,Crossfit,20,HIGH,100,41.66,607.89
aros de calistenia,Crossfit,20,HIGH,100,27.26,479.78
aros de gimnasia artística,Crossfit,20,HIGH,74,0.0,0.0
bancos pliometricos,Crossfit,20,HIGH,100,151.53,636.83
battle rope para que sirve,Crossfit,20,LOW,5,0.0,0.0
cajon para saltos crossfit,Crossfit,20,HIGH,100,75.53,552.28
cajones para saltos crossfit,Crossfit,20,HIGH,100,75.53,552.28
cajones pliometria,Crossfit,20,HIGH,100,52.27,822.76
cajón de salto medidas,Crossfit,20,HIGH,100,29.28,194.51
chaleco con peso para caminar,Crossfit,20,HIGH,100,71.83,355.5
chaleco de 10 kilos,Crossfit,20,HIGH,91,51.7,416.75
crossfit chaleco lastrado,Crossfit,20,MEDIUM,66,0.0,0.0
medidas de cajon de salto,Crossfit,20,HIGH,100,0.0,0.0
bola de hockey,Hockey (cesped),20,MEDIUM,38,0.0,0.0
brabo palo de hockey,Hockey (cesped),20,MEDIUM,59,75.01,233.63
canilleras de hockey adidas,Hockey (cesped),20,HIGH,99,34.11,148.96
canilleras de hockey puestas,Hockey (cesped),20,HIGH,86,0.0,0.0
canilleras de hockey vlack,Hockey (cesped),20,HIGH,100,114.33,372.32
canilleras hockey reves,Hockey (cesped),20,HIGH,99,47.29,138.94
canilleras hockey voodoo,Hockey (cesped),20,HIGH,70,0.0,0.0
canilleras malik,Hockey (cesped),20,HIGH,97,14.86,253.68
canilleras osaka,Hockey (cesped),20,HIGH,100,49.13,265.73
canilleras para hockey niñas,Hockey (cesped),20,HIGH,96,35.22,363.07
canilleras tk,Hockey (cesped),20,HIGH,100,76.65,638.05
canilleras tk hockey,Hockey (cesped),20,HIGH,100,57.7,351.94
de que es la pelota de hockey,Hockey (cesped),20,LOW,2,0.0,0.0
de que material es la pelota de hockey,Hockey (cesped),20,LOW,3,0.0,0.0
drial pelotas,Hockey (cesped),20,HIGH,100,48.29,949.64
el palo de hockey,Hockey (cesped),20,MEDIUM,38,0.0,0.0
hockey palo y bocha,Hockey (cesped),20,MEDIUM,58,0.0,0.0
hockey vlack,Hockey (cesped),20,HIGH,98,58.48,256.32
jockey palo,Hockey (cesped),20,HIGH,76,0.0,0.0
balon rugby,Rugby,20,LOW,13,0.0,0.0
botines adidas all black,Rugby,20,HIGH,94,82.05,145.39
botines de rugby adidas predator,Rugby,20,HIGH,100,53.54,188.1
botines de rugby baratos,Rugby,20,HIGH,100,0.0,0.0
botines de rugby mizuno,Rugby,20,HIGH,100,34.5,298.9
botines kooga,Rugby,20,HIGH,71,38.54,384.87
botines nike para rugby,Rugby,20,HIGH,100,22.87,254.36
botines ocelote rugby,Rugby,20,LOW,8,0.0,0.0
botines puma borussia rugby,Rugby,20,HIGH,87,24.65,141.37
botines puma evopower 4 rugby,Rugby,20,HIGH,71,0.0,0.0
botines rugby kakari,Rugby,20,HIGH,100,55.87,156.19
botines umbro rugby,Rugby,20,HIGH,100,29.46,181.44
hombreras para rugby,Rugby,20,HIGH,100,32.91,217.71
kooga botines,Rugby,20,HIGH,71,38.54,384.87
pantalon corto rugby hombre,Rugby,20,HIGH,100,41.14,195.76
pelota de rugby gilbert numero 5,Rugby,20,HIGH,100,54.86,195.21
pelota de rugby los pumas,Rugby,20,MEDIUM,39,0.0,0.0
pelota de rugby mercado libre,Rugby,20,HIGH,100,0.0,0.0
pelota de rugby numero 4,Rugby,20,HIGH,100,79.98,312.65
pelota de rugby pumas,Rugby,20,HIGH,86,0.0,0.0
pelota gilbert pumas,Rugby,20,HIGH,88,0.0,0.0
pelota rugby los pumas,Rugby,20,HIGH,100,12.1,108.72
pelota rugby pumas,Rugby,20,HIGH,80,0.0,0.0
pelotas de rugby tamaños,Rugby,20,MEDIUM,53,0.0,0.0
tamaños de pelotas de rugby,Rugby,20,MEDIUM,53,0.0,0.0
tapones botines rugby,Rugby,20,HIGH,95,56.4,155.98
una pelota de rugby,Rugby,20,LOW,9,0.0,0.0
goggles natacion,Natacion,20,HIGH,89,0.0,0.0
lentes para nadar,Natacion,20,HIGH,84,0.0,0.0
lentes natacion,Natacion,20,HIGH,100,41.9,275.64
gafas para nadar,Natacion,20,MEDIUM,57,0.0,0.0
traje natacion hombre,Natacion,20,HIGH,100,65.85,413.23
gorro natacion bebe,Natacion,20,HIGH,100,0.0,0.0
jammer natacion hombre,Natacion,20,HIGH,100,59.78,299.14
traje natacion,Natacion,20,HIGH,100,83.26,552.26
aletas de natación cortas,Natacion,20,HIGH,100,48.18,215.28
traje para natacion,Natacion,20,MEDIUM,55,0.0,0.0
gorro natacion personalizado,Natacion,20,HIGH,88,47.81,273.89
gorro speedo,Natacion,20,HIGH,67,0.0,0.0
tabla para aprender a nadar,Natacion,20,HIGH,100,0.0,0.0
gafas de natacion inteligentes,Natacion,20,HIGH,100,46.72,329.18
gorra de natacion speedo,Natacion,20,HIGH,98,29.78,165.01
antiparras agua,Natacion,20,HIGH,100,0.0,0.0
antiparras aqua sphere,Natacion,20,HIGH,100,0.0,0.0
antiparras de agua,Natacion,20,HIGH,100,0.0,0.0
cuerda battle rope,Crossfit,10,HIGH,83,285.18,482.71
cajon pliometrico foam,Crossfit,10,HIGH,100,0.0,0.0
chaleco lastrado crossfit,Crossfit,10,,0,0.0,0.0
chaleco lastrado 10 kg,Crossfit,10,HIGH,100,116.71,638.92
cinturon crossfit hombre,Crossfit,10,HIGH,100,0.0,0.0
chaleco de peso para ejercicio,Crossfit,10,HIGH,100,0.0,0.0
chaleco de peso 20 kg,Crossfit,10,HIGH,100,68.29,557.27
chaleco lastrado 30 kg,Crossfit,10,,0,0.0,0.0
chaleco lastrado 50 kg,Crossfit,10,HIGH,100,0.0,0.0
cinturon lumbar picsil,Crossfit,10,HIGH,100,0.0,0.0
cajon salto pliometrico,Crossfit,10,HIGH,100,0.0,0.0
chaleco pesado para entrenar,Crossfit,10,HIGH,94,41.3,337.45
faja crossfit,Crossfit,10,HIGH,100,104.17,345.38
cinturón lumbar crossfit,Crossfit,10,HIGH,100,102.65,577.57
chaleco 5.11 crossfit,Crossfit,10,HIGH,82,0.0,0.0
chaleco de peso 10 kg,Crossfit,10,HIGH,100,0.0,0.0
chaleco calistenia,Crossfit,10,HIGH,100,0.0,0.0
cajon de salto pliometrico,Crossfit,10,HIGH,100,100.41,504.18
cinturon rogue crossfit,Crossfit,10,HIGH,100,13.75,459.31
chalecos lastrados crossfit,Crossfit,10,,0,0.0,0.0
caja de crossfit,Crossfit,10,HIGH,95,247.4,462.41
chaleco lastrado 15 kg,Crossfit,10,,0,0.0,0.0
chaleco peso 20 kg,Crossfit,10,,0,0.0,0.0
chaleco de lastre 20 kg,Crossfit,10,HIGH,100,56.2,484.55
chaleco crossfit 5.11,Crossfit,10,,0,0.0,0.0
chaleco con peso crossfit,Crossfit,10,HIGH,100,0.0,0.0
adidas chaleco lastrado,Crossfit,10,,0,0.0,0.0
altura anillas crossfit,Crossfit,10,LOW,0,0.0,0.0
anclaje battle rope,Crossfit,10,HIGH,100,0.0,0.0
anilla de gimnasia,Crossfit,10,MEDIUM,64,0.0,0.0
anillas calistenia caseras,Crossfit,10,HIGH,81,0.0,0.0
anillas cross training,Crossfit,10,,0,0.0,0.0
anillas de crossfit,Crossfit,10,,0,0.0,0.0
anillas de gimnasia medidas,Crossfit,10,,0,0.0,0.0
anillas de gimnasia precio,Crossfit,10,HIGH,100,0.0,0.0
anillas de madera calistenia,Crossfit,10,HIGH,100,97.87,607.91
anillas de madera gimnasia,Crossfit,10,HIGH,100,0.0,0.0
anillas deportivas,Crossfit,10,MEDIUM,54,0.0,0.0
anillas gimnasia artistica masculina,Crossfit,10,LOW,17,0.0,0.0
anillas gimnasia deportiva,Crossfit,10,MEDIUM,33,0.0,0.0
anillas gimnasia dibujo,Crossfit,10,LOW,0,0.0,0.0
anillas gimnasia madera,Crossfit,10,HIGH,100,0.0,0.0
anillas gimnasia masculina,Crossfit,10,,0,0.0,0.0
anillas gimnasia medidas,Crossfit,10,MEDIUM,43,0.0,0.0
anillas gimnasia mujeres,Crossfit,10,LOW,0,0.0,0.0
anillas gimnasia precio,Crossfit,10,,0,0.0,0.0
anillas gimnasia ritmica,Crossfit,10,,0,0.0,0.0
anillas olimpicas medidas,Crossfit,10,,0,0.0,0.0
anillas olímpicas,Crossfit,10,HIGH,100,0.0,0.0
anillas para crossfit,Crossfit,10,HIGH,100,0.0,0.0
anillas para gimnasia,Crossfit,10,HIGH,100,0.0,0.0
anillo crossfit,Crossfit,10,HIGH,67,0.0,0.0
anillos de gym,Crossfit,10,HIGH,100,0.0,0.0
anillos para gym,Crossfit,10,,0,0.0,0.0
argollas calistenia,Crossfit,10,,0,0.0,0.0
argollas para gimnasia,Crossfit,10,HIGH,80,46.65,209.48
aros de gimnasia crossfit,Crossfit,10,,0,0.0,0.0
aros de madera para gimnasia,Crossfit,10,HIGH,86,0.0,0.0
aros gimnasia olimpica,Crossfit,10,,0,0.0,0.0
banco de salto pliometrico,Crossfit,10,HIGH,89,263.77,480.43
banco pliometrico crossfit,Crossfit,10,,0,0.0,0.0
banco pliometrico medidas,Crossfit,10,MEDIUM,43,0.0,0.0
bancos para saltos pliometricos,Crossfit,10,HIGH,100,0.0,0.0
bancos pliometricos medidas,Crossfit,10,MEDIUM,43,0.0,0.0
battle rope beneficios,Crossfit,10,,0,0.0,0.0
battle rope casera,Crossfit,10,,0,0.0,0.0
battle rope comprar,Crossfit,10,HIGH,100,0.0,0.0
battle rope en casa,Crossfit,10,,0,0.0,0.0
battle rope medidas,Crossfit,10,,0,0.0,0.0
battle rope peso,Crossfit,10,HIGH,100,0.0,0.0
battle rope que trabaja,Crossfit,10,LOW,2,0.0,0.0
battle ropes beneficios,Crossfit,10,,0,0.0,0.0
beneficios battle rope,Crossfit,10,,0,0.0,0.0
beneficios de battle rope,Crossfit,10,,0,0.0,0.0
beneficios del battle rope,Crossfit,10,,0,0.0,0.0
caja de salto pliometrico,Crossfit,10,LOW,0,0.0,0.0
caja para crossfit,Crossfit,10,HIGH,100,0.0,0.0
caja para saltar crossfit,Crossfit,10,,0,0.0,0.0
caja pliométrica crossfit,Crossfit,10,,0,0.0,0.0
caja pliométrica medidas,Crossfit,10,,0,0.0,0.0
caja salto,Crossfit,10,,0,0.0,0.0
cajas de salto crossfit,Crossfit,10,,0,0.0,0.0
cajas para crossfit,Crossfit,10,HIGH,100,0.0,0.0
cajas pliométricas,Crossfit,10,LOW,0,0.0,0.0
cajon crossfit espuma,Crossfit,10,,0,0.0,0.0
cajon crossfit medidas oficiales,Crossfit,10,HIGH,100,0.0,0.0
cajon de crossfit madera,Crossfit,10,MEDIUM,57,0.0,0.0
cajon de madera crossfit,Crossfit,10,HIGH,100,0.0,0.0
cajon de salto crossfit medidas,Crossfit,10,HIGH,96,0.0,0.0
cajon madera crossfit,Crossfit,10,HIGH,100,101.53,606.24
cajon para crossfit medidas,Crossfit,10,HIGH,100,0.0,0.0
cajon para salto funcional,Crossfit,10,HIGH,100,114.7,502.79
cajon pliometrico acolchado,Crossfit,10,HIGH,100,0.0,0.0
cajon pliometrico comprar,Crossfit,10,,0,0.0,0.0
cajon pliometrico crossfit,Crossfit,10,,0,0.0,0.0
cajon pliometrico de espuma,Crossfit,10,HIGH,100,0.0,0.0
cajon pliometrico espuma,Crossfit,10,HIGH,100,0.0,0.0
cajon pliometrico madera,Crossfit,10,HIGH,100,437.67,2068.95
cajon pliometrico medidas,Crossfit,10,HIGH,100,59.36,504.16
cajon pliometrico mercado libre,Crossfit,10,,0,0.0,0.0
cajon pliometrico sportfitness,Crossfit,10,,0,0.0,0.0
cajon pliométrico,Crossfit,10,,0,0.0,0.0
cajon salto crossfit,Crossfit,10,HIGH,100,211.47,683.29
cajon salto crossfit medidas,Crossfit,10,HIGH,93,0.0,0.0
cajones crossfit medidas,Crossfit,10,HIGH,92,0.0,0.0
cajones de madera crossfit,Crossfit,10,MEDIUM,50,0.0,0.0
cajones de madera para crossfit,Crossfit,10,HIGH,100,0.0,0.0
cajones pliometricos de madera,Crossfit,10,HIGH,100,0.0,0.0
cajón crossfit barato,Crossfit,10,,0,0.0,0.0
cajón pliométrico acolchado,Crossfit,10,,0,0.0,0.0
cajón pliométrico crossfit,Crossfit,10,,0,0.0,0.0
cajón pliométrico espuma,Crossfit,10,,0,0.0,0.0
cajón pliométrico foam,Crossfit,10,,0,0.0,0.0
cajón pliométrico madera,Crossfit,10,,0,0.0,0.0
cajón pliométrico medidas,Crossfit,10,HIGH,100,0.0,0.0
cajón pliométrico para que sirve,Crossfit,10,LOW,14,0.0,0.0
balones de rugby,Rugby,10,MEDIUM,57,0.0,0.0
balon de rugby adidas,Rugby,10,,0,0.0,0.0
balon de rugby gilbert,Rugby,10,,0,0.0,0.0
balon de rugby oficial,Rugby,10,,0,0.0,0.0
balon de rugby png,Rugby,10,LOW,0,0.0,0.0
balon gilbert,Rugby,10,,0,0.0,0.0
balon gilbert rugby,Rugby,10,HIGH,71,0.0,0.0
balon rugby espuma,Rugby,10,,0,0.0,0.0
balon rugby gilbert,Rugby,10,LOW,19,0.0,0.0
balon rugby wilson,Rugby,10,,0,0.0,0.0
balones de rugby adidas,Rugby,10,,0,0.0,0.0
balones de rugby baratos,Rugby,10,,0,0.0,0.0
balones de rugby gilbert,Rugby,10,,0,0.0,0.0
balones de rugby personalizados,Rugby,10,,0,0.0,0.0
botas rugby hombre,Rugby,10,,0,0.0,0.0
botines 6 tapones rugby,Rugby,10,,0,0.0,0.0
botines adidas kakari elite sg,Rugby,10,HIGH,100,0.0,0.0
botines adidas malice,Rugby,10,MEDIUM,56,15.84,146.86
botines adidas malice rugby,Rugby,10,LOW,0,0.0,0.0
botines adidas malice sg,Rugby,10,HIGH,83,0.0,0.0
botines adidas predator rugby,Rugby,10,HIGH,92,0.0,0.0
botines adidas rugby 8 tapones,Rugby,10,HIGH,100,17.37,145.39
botines adidas rugby malice,Rugby,10,,0,0.0,0.0
botines all blacks,Rugby,10,HIGH,73,41.27,146.83
botines aluminio rugby,Rugby,10,HIGH,100,31.41,155.98
botines borussia rugby,Rugby,10,HIGH,100,0.0,0.0
botines de rugby 3 4,Rugby,10,HIGH,100,44.99,156.19
botines de rugby 8 tapones,Rugby,10,HIGH,100,0.0,0.0
botines de rugby adidas kakari,Rugby,10,HIGH,100,74.58,583.81
botines de rugby asics,Rugby,10,HIGH,100,56.72,237.93
botines de rugby kooga,Rugby,10,LOW,10,0.0,0.0
botines de rugby mercado libre,Rugby,10,HIGH,100,0.0,0.0
botines de rugby para 3 4,Rugby,10,HIGH,96,23.92,155.98
botines de rugby precio,Rugby,10,HIGH,100,0.0,0.0
botines de rugby según posición,Rugby,10,LOW,29,0.0,0.0
botines de rugby topper,Rugby,10,HIGH,96,82.99,1163.08
botines de rugby umbro,Rugby,10,HIGH,94,0.0,0.0
botines de rugby usados,Rugby,10,MEDIUM,43,0.0,0.0
botines kappa rugby,Rugby,10,MEDIUM,50,0.0,0.0
botines kooga rugby,Rugby,10,MEDIUM,37,0.0,0.0
botines malice,Rugby,10,HIGH,94,62.29,254.36
botines mitre rugby,Rugby,10,HIGH,75,0.0,0.0
botines nike tiempo rugby,Rugby,10,HIGH,90,0.0,0.0
botines para rugby gilbert,Rugby,10,HIGH,100,0.0,0.0
botines para rugby infantil,Rugby,10,HIGH,100,0.0,0.0
botines para rugby puma,Rugby,10,HIGH,90,22.52,83.47
botines predator rugby,Rugby,10,HIGH,100,0.0,0.0
botines rugby adidas kakari,Rugby,10,HIGH,100,131.71,400.83
botines rugby adidas predator,Rugby,10,,0,0.0,0.0
botines rugby adulto,Rugby,10,,0,0.0,0.0
botines rugby kooga,Rugby,10,HIGH,71,0.0,0.0
botines rugby mercado libre,Rugby,10,HIGH,100,0.0,0.0
botines rugby tapones intercambiables,Rugby,10,HIGH,100,148.45,407.58
botines topper rugby,Rugby,10,HIGH,100,0.0,0.0
botines under armour rugby,Rugby,10,HIGH,100,0.0,0.0
comprar botines de rugby,Rugby,10,,0,0.0,0.0
gilbert balon rugby,Rugby,10,LOW,14,0.0,0.0
gilbert protector bucal,Rugby,10,HIGH,83,0.0,0.0
hombreras canterbury,Rugby,10,MEDIUM,53,0.0,0.0
hombreras flash rugby,Rugby,10,MEDIUM,63,0.0,0.0
hombreras rugby gilbert,Rugby,10,HIGH,100,80.66,195.12
hombreras rugby hombre,Rugby,10,LOW,25,0.0,0.0
hombreras rugby mujer,Rugby,10,,0,0.0,0.0
la pelota de rugby,Rugby,10,LOW,29,0.0,0.0
los mejores botines de rugby,Rugby,10,,0,0.0,0.0
los mejores botines para rugby,Rugby,10,HIGH,79,0.0,0.0
lovell rugby botines,Rugby,10,HIGH,100,0.0,0.0
mejores botines de rugby,Rugby,10,LOW,24,0.0,0.0
mejores botines para rugby,Rugby,10,HIGH,95,40.47,193.83
paginas para comprar botines de rugby,Rugby,10,HIGH,100,0.0,0.0
pantalon corto de rugby,Rugby,10,MEDIUM,61,0.0,0.0
pantalon corto rugby,Rugby,10,HIGH,70,0.0,0.0
pantalon de rugby adidas,Rugby,10,,0,0.0,0.0
pantalon flash rugby,Rugby,10,HIGH,100,20.67,173.94
pantalon rugby adidas,Rugby,10,HIGH,100,0.0,0.0
pantalon rugby all black,Rugby,10,,0,0.0,0.0
pantalon rugby blanco,Rugby,10,HIGH,94,38.58,927.68
pantalon rugby canterbury,Rugby,10,,0,0.0,0.0
pantalon rugby mujer,Rugby,10,HIGH,100,0.0,0.0
pantalon rugby pumas,Rugby,10,HIGH,76,42.25,125.99
pantalones de rugby cortos,Rugby,10,HIGH,100,42.47,157.35
pantalones de rugby hombre,Rugby,10,HIGH,100,0.0,0.0
pantalones rugby canterbury,Rugby,10,,0,0.0,0.0
pantalones rugby mujer,Rugby,10,HIGH,100,0.0,0.0
pelota de rugby adidas wallaby,Rugby,10,LOW,16,0.0,0.0
pelota de rugby chica,Rugby,10,HIGH,100,0.0,0.0
pelota de rugby dribbling,Rugby,10,HIGH,93,0.0,0.0
pelota de rugby gilbert precio,Rugby,10,HIGH,95,0.0,0.0
pelota de rugby infantil,Rugby,10,HIGH,81,0.0,0.0
pelota de rugby mitre,Rugby,10,HIGH,85,33.17,128.3
